analyte	140403ajlsa12_1	140404ajlsa17_1	140404ajlsa44_1	140403ajlsa19_1	140404ajlsa15_1	140404ajlsa28_1	140403ajlsa02_1	140403ajlsa30_1	140404ajlsa21_1	140403ajlsa13_1	140403ajlsa34_1	140404ajlsa02_1	140404ajlsa04_1	140404ajlsa06_1	140404ajlsa07_1	140403ajlsa15_1	140403ajlsa40_1	140404ajlsa01_1	140404ajlsa22_1	140404ajlsa37_1	140404ajlsa42_1	140403ajlsa37_1	140403ajlsa41_1	140404ajlsa16_1	140404ajlsa27_1	140404ajlsa35_1	140404ajlsa36_1	140403ajlsa03_1	140403ajlsa09_1	140404ajlsa03_1	140404ajlsa25_1	140404ajlsa34_1	140404ajlsa40_1	140512actsa07_1	140512actsa17_1	140512actsa18_1	140403ajlsa27_1	140403ajlsa33_1	140403ajlsa44_1	140404ajlsa10_1	140404ajlsa19_1	140404ajlsa26_1	140403ajlsa01_1	140404ajlsa23_1	140404ajlsa33_1	140403ajlsa16_1	140403ajlsa31_1	140404ajlsa14_1	140403ajlsa08_1	140403ajlsa50_1	140404ajlsa20_1	140403ajlsa11_1	140403ajlsa35_1	140403ajlsa47_1	140404ajlsa05_1	140404ajlsa09_1	140404ajlsa12_1	140404ajlsa32_1	140404ajlsa41_1	140404ajlsa45_1	140512actsa01_1	140512actsa03_1	140512actsa19_1	140403ajlsa04_1	140403ajlsa05_1	140403ajlsa14_1	140403ajlsa17_1	140403ajlsa25_1	140403ajlsa36_1	140403ajlsa45_1	140403ajlsa49_1	140404ajlsa39_1	140512actsa06_1	140512actsa13_1	140512actsa16_1	140403ajlsa20_1	140403ajlsa21_1	140403ajlsa22_1	140404ajlsa08_1	140404ajlsa11_1	140404ajlsa24_1	140404ajlsa29_1	140404ajlsa30_1	140404ajlsa43_1	140512actsa05_1	140512actsa11_1	140512actsa15_1	140403ajlsa06_1	140403ajlsa18_1	140403ajlsa24_1	140403ajlsa26_1	140403ajlsa42_1	140404ajlsa13_1	140512actsa02_1	140512actsa09_1	140512actsa20_1
1_5-anhydroglucitol	1224	1330	1334	625	837	795	2891	3031	3178	2234	773	2721	2552	710	775	967	653	654	967	1004	729	466	639	878	599	459	843	749	403	428	832	754	479	1282	693	731	708	837	343	714	436	468	486	752	589	471	515	500	445	553	470	1385	773	789	862	636	633	530	1152	1290	939	996	927	457	998	1116	377	590	402	1125	670	327	356	328	284	127	718	752	984	617	486	951	997	267	328	335	343	592	422	533	438	426	156	670	520	520
1-monopalmitin	188	187	280	103	116	335	89	70	211	383	54	246	222	248	494	718	511	477	383	448	265	339	489	545	157	226	810	647	317	293	499	350	519	1967	1447	2508	42	95	757	105	211	147	175	261	355	267	290	303	559	276	353	689	713	475	596	311	255	252	228	1045	2100	3612	2962	283	172	111	465	219	622	365	495	43	2649	2206	2361	168	425	109	311	261	138	121	399	124	481	1431	2138	299	186	213	216	47	240	2370	1899	4218
1-monostearin	1203	1018	175	317	240	1308	305	487	475	1057	706	452	2419	374	592	2147	517	2250	580	640	664	481	2039	1425	269	243	2925	2916	418	272	3504	717	3272	8171	178	12535	796	324	99	369	727	142	773	675	1137	564	395	1001	330	388	142	1621	3690	2199	2226	42	565	361	545	5394	9759	19090	13626	221	292	284	1479	2929	411	2073	359	312	12840	10251	11519	697	2660	288	185	373	1003	569	1694	876	138	6620	9489	369	201	375	279	514	262	11517	9178	19282
2_4-hexadienedioic acid NIST	289	305	165	92	325	160	134	243	460	109	221	223	159	275	294	158	222	248	245	124	159	152	213	133	154	136	115	160	147	142	288	168	206	96	108	178	75	76	114	100	65	236	100	180	114	96	121	144	227	222	150	307	607	399	492	538	738	352	176	252	281	474	326	363	163	223	323	323	859	133	245	463	351	746	967	479	407	291	157	524	1015	516	430	412	56	333	117	235	534	179	405	485	224	471	119	221
2_5-dihydroxypyrazine NIST	2281	3081	1840	1449	2776	2412	2965	4157	5448	770	2722	1851	799	2899	2592	245	5279	3711	366	336	3833	337	4009	143	4494	1902	280	288	2025	2052	226	205	1424	4960	6009	6140	514	731	325	431	610	721	104	105	143	132	215	128	170	181	125	2917	2229	1469	1978	1315	1175	1402	1392	1808	14399	12031	12700	404	1813	3698	89	527	357	1331	1009	241	808	4249	3856	110	704	1899	2345	1503	159	2698	2261	163	5325	4207	731	2235	474	1915	442	357	2137	9813	6862	6145
2-hydroxybutanoic acid	3168	3644	3625	1933	2190	2152	4785	4594	4645	5721	2575	6492	6289	2712	2367	2109	2068	1941	1678	904	2179	2241	2881	1924	2317	412	2065	2336	4051	4034	1892	1675	4409	7293	11096	10344	1958	1875	928	1871	1492	891	2480	2975	1839	2821	2694	3020	3587	3584	3747	778	487	752	1115	828	438	619	1091	486	1460	1181	1564	1999	1927	1036	1609	1426	1326	1611	1157	1019	1689	1557	1703	3100	3722	2844	2482	2904	2878	2109	2458	2430	1850	2485	3119	8842	5988	8377	5346	6942	8770	3947	3676	3644
2-hydroxyglutaric acid	67	56	69	110	129	148	265	272	269	94	145	31	84	121	166	24	49	216	181	138	188	263	177	192	62	255	122	103	177	224	202	180	146	148	153	156	155	207	24	178	64	69	123	192	242	94	250	272	150	266	42	113	105	94	253	145	36	138	180	137	175	104	115	142	151	123	298	116	116	112	153	195	52	61	51	35	231	285	212	265	120	153	197	141	109	190	81	405	306	466	138	309	300	97	88	77
2-ketoisocaproic acid	72	47	115	61	81	72	103	90	70	128	166	263	225	142	344	204	156	391	193	424	196	209	431	586	438	290	359	373	381	510	430	182	607	688	913	848	124	124	38	138	41	23	297	237	251	406	337	292	555	300	405	135	120	194	147	117	102	147	191	89	93	488	298	494	250	215	228	266	389	239	426	303	258	271	241	393	656	1084	307	1490	694	307	436	401	630	600	474	1440	548	2229	409	275	2189	365	352	432
3-aminoisobutyric acid	397	382	230	594	573	597	2014	1781	1478	1231	565	1836	1411	623	548	928	1007	779	394	680	754	654	941	468	569	827	656	788	1100	889	599	633	758	711	685	701	527	424	129	356	180	106	260	230	209	442	238	392	292	282	243	880	518	319	427	239	180	255	898	466	1408	1378	1680	370	785	831	300	305	193	596	348	278	574	513	562	193	530	781	295	424	181	358	330	133	855	788	713	474	286	598	191	376	605	1443	1462	1776
3-hydroxybutyric acid	5966	7431	7679	760	928	913	1510	1430	1594	15355	247	17420	15448	708	853	2422	1463	650	2165	3561	1063	5280	935	3376	1700	568	5690	2491	2278	2203	3688	4441	1301	1595	2824	3173	798	1011	487	1019	749	588	637	293	973	1431	2354	1435	2549	1990	2968	410	516	686	618	175	601	737	396	319	692	662	852	479	875	384	1171	421	701	668	580	1082	545	559	695	828	2133	2270	749	2479	889	731	657	879	760	1021	1479	4144	1044	4731	1905	2166	5218	2304	2151	3009
3-phosphoglycerate	418	580	177	347	602	412	236	296	290	286	319	515	524	462	516	1463	83	1966	2828	1560	1057	1080	3064	2329	1463	2801	2000	4821	1275	1326	3939	1677	2035	842	388	386	2207	1025	284	2369	347	215	6294	5727	6971	5970	2603	5493	4206	7081	2508	365	292	395	288	230	494	299	685	504	284	268	222	397	308	818	4298	392	3151	481	534	2129	239	219	157	1045	374	223	679	325	639	1129	897	927	235	179	82	525	519	437	299	123	381	43	106	116
4-hydroxyhippuric acid NIST	36	43	49	45	36	51	157	207	192	152	109	188	169	126	119	137	76	54	325	74	62	97	113	145	154	65	224	45	65	96	58	97	175	69	67	24	37	56	19	60	18	33	110	50	70	53	89	57	191	79	57	140	123	141	94	63	79	65	62	109	100	22	109	112	56	139	114	224	66	137	123	97	85	58	40	63	190	148	175	135	62	123	144	62	110	19	59	94	46	142	55	69	191	129	120	29
adenine	176	298	304	353	408	404	432	515	449	163	275	155	118	229	251	166	271	251	174	143	305	309	315	199	478	294	224	154	360	392	194	227	446	395	304	261	326	389	209	375	290	265	133	138	189	168	208	137	134	135	72	614	362	365	428	277	446	126	442	563	677	645	641	203	181	310	258	187	321	117	370	356	94	118	131	229	497	542	591	473	226	384	329	213	340	165	231	755	333	891	252	242	789	262	270	244
adenosine	399	472	1077	1449	682	906	607	547	548	559	594	481	323	607	592	2032	2284	1019	805	1426	1770	2184	1818	1354	1494	1473	1823	775	3494	2110	829	1180	2637	858	3734	3521	314	308	12612	369	13447	13621	752	201	734	633	1511	439	721	441	1297	806	661	1002	1107	374	236	539	732	1043	1837	1719	1827	1231	2077	1626	704	1366	1005	1860	1001	1955	1390	1214	2579	824	1384	1523	2997	1881	967	1148	3768	1012	1507	4216	3798	1779	464	1879	1989	1070	2544	3857	1563	3097
adenosine-5-monophosphate	5916	6886	6737	9388	8783	8698	12103	14290	9831	1566	4573	3140	2539	5472	5223	903	9323	5376	902	749	8211	293	3149	650	20714	11021	930	483	5622	15230	857	1290	5171	14242	11299	11766	3263	3121	1949	3011	2153	1634	714	720	2858	2682	2504	2161	2860	1668	2903	11894	12798	16181	16465	8925	7592	8018	7354	10363	14262	17628	17786	15796	8780	19790	6710	10534	7588	7629	18205	7051	4996	5833	6886	6717	12098	11994	13180	20198	6156	14411	11765	6237	13676	6374	4836	35300	12325	15215	9490	5516	26708	8984	11158	6973
adipic acid	272	293	356	255	252	248	863	776	864	394	783	466	466	782	779	556	548	787	643	660	705	676	546	731	595	710	652	557	552	567	564	538	772	147	201	296	280	510	120	438	119	143	570	593	734	685	1109	563	512	452	359	357	297	434	406	310	393	447	449	289	374	184	193	436	369	483	426	511	829	376	349	371	139	145	126	239	613	481	363	728	295	323	375	242	153	218	278	457	272	568	239	291	516	214	149	158
alanine	216834	248265	222520	234321	260753	241024	165878	159651	171375	95555	164760	111615	121397	174803	160775	181158	314449	267188	152653	161046	290396	211456	264592	212301	318060	253985	194003	234828	304338	318276	251991	226725	269223	710561	609076	558357	217424	171154	42069	191979	67926	46429	253538	259887	183977	208567	214602	222113	220403	213678	253394	193377	185913	164547	166982	182515	124697	122945	229881	182714	330481	290328	268191	214111	339521	345510	190035	198204	181005	281283	192953	156232	404049	418653	380114	213804	177807	214526	263862	170081	259412	271606	255711	178353	783679	702609	674952	128389	284933	173388	312446	356491	131666	494964	556903	470509
alpha-ketoglutarate	27	29	57	46	48	36	85	63	58	107	119	91	87	123	196	219	156	306	306	276	279	381	549	535	413	452	429	1033	266	508	520	503	504	596	310	270	95	106	44	81	45	27	236	631	396	693	1033	547	753	996	639	79	65	145	116	64	64	58	101	70	78	81	90	203	96	195	205	156	105	80	146	156	57	64	72	187	227	311	513	260	109	641	1021	141	94	151	33	332	149	506	150	166	435	92	85	67
aminomalonate	2405	2404	1366	2341	2564	2116	1452	3106	2968	3585	3138	3619	3754	2534	1931	3168	4507	3330	2840	2300	2184	2977	4042	1531	2889	4009	2001	2551	3824	3812	2829	2172	3908	370	947	918	1573	1743	277	950	468	310	1331	1478	1028	2869	2853	1814	1843	1743	1400	2175	2172	1238	1249	1307	1020	997	1666	1328	306	307	781	2250	2749	2660	2449	2772	3628	2648	2046	1821	647	1059	1159	2343	3781	2332	1002	1533	2011	1184	1874	1617	534	1205	3230	2069	3243	2314	4694	2421	2332	519	887	1763
arachidic acid	541	443	914	434	535	641	740	633	595	3453	2055	1153	1681	1927	2809	1495	2022	2459	1314	1537	1074	2020	1064	2107	1015	1755	2084	1668	1816	1248	945	1829	1715	679	968	800	506	703	190	658	284	183	1669	1092	1204	965	1058	997	1012	967	618	1265	1005	1126	682	744	751	1408	1297	501	1109	1067	1067	1339	1153	1027	829	1025	1426	1096	1091	1068	661	717	2810	739	1274	1124	939	1145	920	836	1079	1602	585	619	855	804	462	1616	668	721	1250	471	913	1204
arachidonic acid	551	580	564	283	180	233	484	333	294	3067	3216	3221	3379	3100	3224	7422	836	871	6349	7620	804	5125	1055	3953	539	1114	4336	3211	1144	715	2423	2399	876	121	152	465	475	414	119	513	163	153	1085	960	768	677	479	704	828	637	649	632	1713	1825	1633	1278	1141	1099	550	640	124	491	770	1565	740	371	1331	1154	1033	602	911	1007	451	406	402	946	1557	862	342	1067	774	307	442	783	199	96	511	1550	798	868	941	948	1364	1076	802	765
ascorbic acid	81	176	172	130	245	77	191	301	259	131	566	129	155	2928	3557	107	297	674	351	158	133	214	224	255	425	145	200	100	292	1315	238	272	247	253	293	511	191	99	206	2568	242	45	585	1850	577	121	93	957	71	129	246	94	421	341	4014	445	390	35	106	139	5730	3083	2594	511	152	214	62	139	68	524	1611	114	144	192	202	82	505	191	1405	7312	292	1207	596	75	1059	711	841	136	98	756	714	1137	1842	823	1112	2570
asparagine	2257	2180	1744	1088	1414	1038	2967	3083	2683	1423	2469	1795	2061	2519	2546	3158	3245	3272	2223	2191	3262	2519	4131	2481	3122	2861	2081	3257	5071	4250	2701	2640	3718	2882	3243	3372	1677	1475	468	1342	509	355	2411	1551	1573	2055	1607	1448	2479	2231	1483	2234	1702	1379	1239	1591	830	1106	1896	2055	1804	1666	1462	2709	3106	3293	2120	2313	2500	2707	2139	1911	2304	2592	2682	3310	2570	2939	2265	2228	2994	2217	2088	2088	3532	4814	4799	4856	5162	4447	5169	4308	4077	3299	2675	2863
aspartic acid	13137	14394	11291	9689	11181	10419	12140	12252	12549	11957	17158	14614	19512	12525	16817	21798	10411	12861	12898	17133	12612	17033	10903	14028	4181	11638	17154	14528	8788	6504	16730	13971	10338	6264	6009	6486	10976	11409	3060	10679	5315	3526	26385	13579	17011	13203	12049	11400	14343	12844	12036	22846	18365	15917	16384	34101	27086	29996	19921	24111	12663	14891	17112	9816	11859	8952	24520	9916	29776	15142	6181	21539	9028	8219	6095	27174	12883	5935	4460	7598	40039	5548	5221	26927	10120	10131	15629	7925	33094	3091	41015	33241	6561	13160	14280	16943
behenic acid	314	78	281	326	209	253	278	188	229	847	619	451	613	596	668	616	622	814	736	620	574	805	624	1055	403	441	639	641	603	576	775	766	591	352	531	522	296	351	1903	438	2062	2033	589	615	497	554	587	591	860	587	427	339	749	514	415	246	614	665	470	455	496	380	432	714	320	416	710	1008	879	551	609	662	465	434	1741	565	490	510	437	589	622	569	448	439	255	560	262	550	418	855	428	359	562	374	292	459
benzoic acid	507	694	798	1012	603	880	860	824	1066	1275	1904	1477	1737	1816	2350	1853	1480	2156	2546	2415	1768	2725	2209	3062	2311	1938	2468	2011	1546	2176	2209	2139	2270	51	36	43	887	1195	364	1177	494	383	2230	1784	2275	1322	2284	1901	1330	1205	1421	1015	1546	1590	1568	1277	1334	1202	1134	1174	1639	1336	1312	1542	1017	1221	1512	1663	1460	1263	1568	1792	1076	1321	897	967	1886	1874	1657	2796	1441	1376	687	1374	1475	1180	1096	1779	1325	2077	1069	1114	1959	9669	1407	1304
beta-alanine	2492	3821	5011	2138	2928	3907	1529	1988	2658	3224	5612	4950	4701	5773	6723	1298	6575	6708	2067	2118	8577	2524	1460	2466	2664	1645	2689	909	1199	1944	2262	2534	2088	419	460	484	3592	4016	713	4683	1444	1080	1157	2121	3300	1449	1991	2026	499	730	1275	3151	4262	4194	4784	4658	4151	3865	5287	5709	4077	4051	4694	455	1275	2203	679	876	975	2160	938	1351	1097	1076	1186	247	761	690	935	945	581	1098	563	436	1204	1016	833	674	407	493	660	641	543	4610	4185	5662
beta-glycerolphosphate	326	219	526	315	312	345	304	396	289	454	382	395	462	382	304	299	320	273	355	150	333	294	219	490	208	325	274	192	252	277	252	261	414	199	223	202	289	222	62	266	118	70	270	206	316	65	206	206	180	92	139	236	646	527	403	330	276	685	412	417	267	237	318	523	368	508	462	394	466	307	399	497	96	210	158	389	655	416	228	546	367	228	297	764	172	168	265	528	586	487	649	494	435	398	249	208
bisphosphoglycerol NIST	91	125	188	180	149	323	91	173	64	132	173	365	401	221	251	185	394	134	208	402	172	324	149	380	379	443	575	160	314	271	241	251	112	85	57	76	127	99	125	184	92	90	61	222	185	257	51	132	271	253	173	87	167	787	203	190	91	435	239	149	91	107	178	173	162	206	340	203	177	331	583	240	73	60	73	175	175	323	166	81	149	209	313	291	99	58	80	191	307	707	145	26	213	79	128	131
capric acid	29	69	95	86	45	66	92	75	96	168	119	129	143	83	352	151	256	270	192	138	191	260	112	373	235	192	113	223	104	174	175	164	129	84	125	113	95	128	35	126	48	43	258	214	128	138	171	243	145	105	159	162	170	189	150	123	112	43	123	130	174	138	92	192	142	172	222	93	193	144	212	181	85	136	84	97	71	198	161	83	161	115	108	113	153	143	72	161	145	241	134	141	198	61	108	155
cellobiose	327	332	401	611	434	541	253	277	217	629	973	457	440	819	746	789	684	596	213	373	785	425	330	650	412	293	580	579	347	590	437	485	651	611	551	601	1027	1126	984	1038	1350	979	1583	966	1835	1444	1774	1388	1917	172	1743	1309	2723	2718	2714	1101	1143	413	1263	1240	788	1032	1401	3772	1159	895	1288	302	1399	1108	3955	1350	1033	1040	1062	1148	3099	3092	1095	3513	910	913	951	763	765	806	662	2547	1011	2571	891	145	2851	748	904	762
cholestan-3-ol	79	78	89	65	56	72	122	108	149	137	142	188	172	256	248	282	152	265	245	263	132	222	64	236	243	182	197	293	200	215	296	311	246	71	50	70	103	72	40	109	27	45	142	201	260	166	105	176	154	125	142	130	130	170	231	186	122	110	77	105	171	141	144	145	94	141	195	104	256	151	174	200	126	184	125	181	192	192	118	210	124	127	128	180	96	77	111	199	213	128	126	186	166	154	104	121
cholesterol	59902	53829	51638	42550	53043	36407	50336	71245	57540	60414	122568	89314	79340	145448	134194	146365	100876	137283	183425	145032	107432	86775	153546	86126	167370	145639	131399	168331	114023	125762	151492	170536	139471	62776	47536	60789	39235	31763	26372	45708	25941	22716	72279	82385	131315	94948	64365	100929	93563	106168	84450	74138	79974	90308	90078	68535	61509	48195	45146	76194	100591	141455	97099	80545	50968	86341	112000	79523	115002	72236	64146	92723	118304	149996	122141	88216	105526	86908	72366	84489	68509	87574	78145	85024	43664	81667	52677	95365	120252	58335	61086	56470	75383	108809	108916	90691
citric acid	448	491	287	449	511	521	952	1102	1059	342	1158	418	585	1215	1494	4100	4681	3552	2665	3262	4952	3854	6253	3675	15798	5270	3378	2787	3481	7091	3365	5463	3366	10751	2504	2298	421	449	315	414	520	417	1384	1612	2909	2725	3907	2509	2617	2574	3191	1226	1404	1453	1352	1341	1091	765	1574	929	673	636	495	2444	1811	4280	2260	2338	2644	2064	3195	2548	1276	1206	1166	2031	3996	9571	12219	6495	1801	14622	6296	2005	8823	1904	1043	8392	3702	22939	2742	1928	11092	1346	1465	1067
creatinine	7289	6724	4228	10681	11682	11124	29793	29142	27859	21251	37951	20786	22734	31550	25843	13723	38633	29991	11673	9406	19557	12123	37687	8379	24093	28209	7295	11921	39506	29410	10280	8918	20850	6724	8343	8141	17010	17112	4584	13688	5093	4168	4433	9545	5932	13164	12954	11639	8896	9425	7901	8638	21054	17908	16687	5440	4416	3072	1869	4434	32365	28225	33902	17115	9085	7280	5046	13938	5141	6344	11697	3072	9059	9546	10223	4021	24243	15897	4164	18139	3671	2572	4351	2003	11346	14067	13666	21476	7765	21530	9182	10380	19723	28624	28430	37467
cysteine	10883	10548	7093	8128	7183	5788	15096	11348	10327	28879	26066	27966	31015	21756	20298	21677	29799	25978	13072	7516	16861	16212	37225	7062	26801	15042	5696	24524	34649	29260	13837	7403	18395	3184	5635	7032	10677	8920	1316	7002	2364	1556	9168	7503	5061	18989	18824	8978	15131	7477	10762	10241	13495	5620	9085	9559	5987	4805	2534	5577	12345	9741	9581	17876	23720	9931	11721	14416	13503	17649	11901	4953	12146	10291	13944	13354	21477	17537	4054	11097	9229	3265	7297	4821	8906	17256	14674	24383	21476	23107	25632	16189	17538	21931	19310	23518
cysteine-glycine	41	177	286	174	305	531	122	76	681	204	466	79	147	509	496	245	142	549	156	204	414	234	232	226	403	209	152	178	83	249	183	164	203	200	207	155	394	55	36	206	190	130	122	135	165	102	125	74	1111	97	123	115	53	81	231	121	88	103	127	151	412	189	732	55	57	50	144	143	110	52	139	130	96	194	227	95	142	148	199	133	110	188	174	103	637	63	142	150	92	162	94	95	151	100	206	514
cystine	86	241	578	427	474	676	312	403	328	377	1003	576	1382	2140	2168	3176	609	3090	6184	8676	3009	4633	2243	6250	3116	10048	6645	524	1304	11147	7330	5742	13145	444	883	765	416	283	95	1079	197	137	5475	1949	5230	2468	1528	3852	3100	4647	5375	222	183	510	771	908	583	819	522	671	747	293	603	3279	118	397	1993	226	3013	608	2806	7598	7914	4782	4348	1161	305	329	567	3197	4706	361	642	5107	1667	7712	18908	770	521	351	517	549	1786	800	1189	2478
cytidine-5-monophosphate	181	252	422	351	471	558	297	283	412	211	427	243	268	545	687	141	796	602	247	121	769	290	971	267	748	821	222	224	611	786	205	194	719	260	249	271	53	332	95	383	155	94	77	369	411	368	409	537	62	278	348	450	435	479	474	263	268	299	355	486	466	378	383	348	259	413	223	418	318	356	455	382	168	84	167	300	487	549	407	680	248	95	401	234	257	353	187	517	333	633	328	241	395	383	204	276
dehydroabietic acid	136	131	126	138	154	167	226	133	216	229	552	352	437	530	427	370	417	653	532	582	212	685	759	643	306	464	554	646	387	334	702	526	385	39	39	49	315	198	70	302	114	112	461	447	408	370	342	371	299	340	231	249	241	241	445	321	302	321	308	510	299	260	299	284	320	332	322	400	371	300	313	409	154	196	171	281	431	368	274	377	255	438	366	305	203	169	181	293	303	557	356	365	304	41	164	316
dehydroascorbic acid	12887	15040	15412	9763	11711	12433	19080	16681	19019	10393	10416	12787	12076	10221	8547	1868	12027	12902	4932	3537	11377	1135	11681	1128	11608	9361	1540	2230	7111	8784	3571	2140	6554	17192	19454	20811	14674	16024	5362	15073	7782	5478	5629	4765	4734	6619	6915	7962	5547	6340	6617	27709	15744	21675	15630	19049	16746	16369	24272	27289	16216	16907	20575	13355	26254	27258	6675	11248	5251	29761	15414	6426	5796	3155	5873	5520	17703	14619	20530	13850	7531	16834	19776	4952	6666	6601	8555	15451	11128	16635	13403	14872	18637	17098	16398	15869
dodecanoic acid_ isopropanol ester NIST	158	65	85	60	71	70	129	76	107	206	350	183	172	264	430	73	187	218	256	37	186	252	195	101	174	200	145	194	226	303	236	149	177	142	66	72	109	79	14	119	64	50	303	172	250	246	223	184	198	115	123	140	120	63	196	41	160	107	75	140	104	113	86	143	96	186	70	333	317	157	218	197	75	123	56	67	153	102	91	239	47	103	23	163	32	20	137	103	77	158	206	227	16	99	54	78
dodecanol	86	65	107	79	91	92	148	146	97	229	327	205	252	198	307	288	266	437	357	347	318	581	331	459	281	204	350	314	272	293	318	291	223	51	70	48	120	187	46	174	83	45	87	308	263	261	395	292	81	198	234	217	188	183	229	200	108	170	202	167	163	126	146	289	221	186	387	446	356	170	232	166	60	84	75	162	486	342	205	321	176	175	236	173	99	89	69	355	185	430	228	236	223	54	135	115
epsilon-caprolactam	784	1120	1212	815	841	1061	1101	879	1008	1640	935	1186	1419	1539	1614	1746	889	1517	1927	1015	2129	2465	1231	2675	1255	1052	2576	726	710	1540	1274	901	1570	1332	1669	721	1151	1600	311	2678	579	497	2288	2881	1167	1154	1678	1109	731	1013	1450	705	706	676	1143	1161	370	1605	3571	1585	1245	746	1679	750	1115	610	1046	1154	890	541	1149	1250	937	1447	1134	775	757	1122	438	937	1573	1199	1035	1542	1477	519	1475	872	671	4103	776	1451	1478	1318	1148	1671
erythritol	994	1072	1116	419	561	554	459	465	583	917	5439	916	1026	294	234	405	247	213	499	488	404	551	272	596	273	267	529	354	259	229	407	427	216	38	212	167	435	490	158	497	231	155	439	502	455	556	471	560	410	408	412	195	233	220	224	273	198	230	228	222	182	129	170	174	266	273	198	202	240	270	176	231	120	102	84	197	242	388	304	303	175	252	251	123	109	139	115	266	166	276	200	216	243	120	181	175
erythronic acid lactone	41	62	60	41	41	43	67	39	76	75	93	78	117	81	174	184	146	190	262	362	97	227	297	230	256	369	259	226	472	294	210	268	388	172	106	77	76	44	28	56	32	27	215	188	306	220	220	178	190	122	199	72	98	80	83	87	71	94	75	98	82	54	87	129	102	239	252	132	305	87	141	304	90	61	56	128	175	297	158	55	119	189	144	129	100	97	37	319	106	445	119	109	218	101	75	106
ethanolamine	25759	27876	24304	9643	12125	12034	5553	9864	9505	68866	59450	80546	81883	62521	59594	56639	51889	48039	63832	66472	48988	54229	49699	90982	40437	54680	56138	43014	37653	46222	53510	80777	50112	128	93	76	9013	8643	2326	9916	3624	2618	26134	32471	19626	29862	32446	28330	29463	39106	41937	22407	38129	37056	34612	31140	25505	22766	21701	20736	4571	4383	15885	34907	27928	25793	31238	41065	29479	39152	36597	32326	4938	6657	10695	19449	57712	43252	31849	48333	38012	23978	32008	29213	4550	9533	12410	23788	24977	39755	31488	33342	18745	68	13170	28154
fructose	327	381	381	492	701	754	582	681	693	180	415	434	368	446	343	455	189	355	376	322	647	345	276	658	239	242	452	346	240	220	390	282	280	99	3226	123	854	504	122	960	210	178	434	457	475	447	447	662	379	492	564	358	235	286	233	232	128	302	366	427	130	138	210	232	79	226	258	262	139	236	243	320	89	78	58	165	258	309	307	213	123	265	270	294	139	80	67	100	64	308	123	229	170	73	93	164
fructose-6-phosphate	200	216	218	2060	1647	2208	1480	2166	1048	211	107	322	271	188	125	125	143	202	111	190	143	168	195	155	129	172	98	154	168	138	163	144	207	102	110	109	470	715	186	1213	189	160	70	193	116	224	88	157	64	200	95	783	242	240	383	252	285	249	506	807	140	203	170	129	155	541	216	287	188	178	99	205	30	74	72	150	155	145	118	160	151	175	161	110	74	77	61	186	168	151	133	136	104	331	59	81
fumaric acid	9530	10966	9663	6902	9067	10025	8110	9507	10342	7755	12006	9590	8348	10194	9859	10058	12954	10970	13306	12124	12441	11948	9655	12366	10649	10265	13058	13315	9171	9936	18744	15947	8828	5857	6968	8389	4043	5690	2896	5177	3442	3146	19367	9224	14811	10893	14631	12250	9953	6860	12704	9809	9672	9732	10100	11646	10440	13093	11792	10400	8373	8024	8591	7840	6664	6672	13840	7707	15346	9604	7734	20780	6572	6399	7345	10545	11603	15195	8026	18216	17272	7950	8349	15167	5814	12833	14311	17167	14372	14569	20496	11897	19010	10722	11135	12302
galactonic acid	197	305	45	419	401	376	314	206	152	356	820	471	294	1000	1013	380	124	629	392	286	427	92	897	582	618	750	578	596	711	853	621	497	741	41	34	63	113	123	665	161	920	730	374	387	333	648	467	710	703	832	712	165	207	143	173	1959	2002	86	99	130	501	527	470	165	64	79	1276	126	939	92	350	1088	77	140	124	779	152	283	310	321	681	37	219	892	146	127	154	268	898	332	797	767	190	122	115	128
gluconic acid	251	300	461	440	398	493	348	374	386	358	873	391	340	944	984	347	506	553	340	333	600	370	831	560	559	775	463	611	660	836	553	444	787	169	126	81	98	95	710	201	918	778	368	606	203	670	453	746	667	854	708	133	178	216	451	2082	2137	2168	115	182	375	557	331	187	91	133	1229	179	920	110	361	1392	130	91	113	1009	296	431	267	431	970	247	247	969	124	98	111	343	982	315	1098	1088	376	124	96	167
gluconic acid lactone	78	107	162	168	181	199	131	135	183	89	317	110	147	183	295	125	108	204	128	183	108	144	175	250	188	199	145	138	157	227	159	209	278	1253	1210	1174	132	120	155	138	187	207	129	152	122	168	194	314	197	230	61	102	71	102	149	411	580	547	79	128	152	166	156	87	90	67	179	64	270	50	196	326	48	38	31	181	139	144	163	139	177	101	104	221	63	47	53	170	143	175	183	237	129	2930	41	64
glucose	335589	374964	400421	498715	366504	487724	549051	480297	475140	40501	70956	39898	37918	84170	75478	61352	95011	87687	63690	70501	82256	63077	85553	60734	84360	89987	68449	61066	88784	87005	59952	59471	80381	86848	89381	89823	547272	614226	79479	559869	96452	77511	271574	261748	273611	329079	352461	313979	337776	329180	281178	110982	60054	68198	54740	19865	18417	19681	105907	109188	32980	28378	29101	91502	105870	119000	66479	86343	69352	107645	103261	72141	25468	26433	28022	50176	97362	112768	120924	110786	45804	107120	118787	45164	25341	25790	22987	121575	47977	123194	49919	44186	118974	33259	27394	30876
glucose-1-phosphate	291	372	303	664	668	525	1252	783	697	868	459	1099	1080	603	605	545	437	627	664	616	525	798	612	658	636	470	568	602	643	553	605	560	470	805	389	424	405	555	151	570	247	132	316	221	487	388	340	334	287	303	220	611	582	885	711	335	316	278	658	491	392	425	267	897	924	1116	549	706	433	923	964	515	442	347	258	474	1074	930	653	1146	286	516	494	245	582	428	171	1206	526	1044	440	513	995	458	384	258
glucose-6-phosphate	219	284	371	4224	3608	4337	2918	3998	1971	81	117	72	177	87	162	80	125	126	73	100	70	129	114	143	130	80	127	135	97	109	66	105	102	26	44	32	883	1582	281	2407	80	227	101	106	122	78	69	84	69	78	85	1058	210	324	367	189	261	249	610	1224	102	222	185	89	157	334	95	111	45	213	155	72	64	35	27	64	96	64	42	103	49	80	139	62	70	24	78	96	109	119	101	69	54	16	56	63
glutamic acid	34756	36242	36624	17497	13323	16358	63172	66345	60861	94468	63870	104442	99395	52684	48706	77672	40144	37812	71153	70245	48599	81437	45591	63911	45440	34964	70382	81491	53742	50031	82715	82637	51918	47809	37660	49926	48497	62783	18051	52446	21396	19546	28752	30949	35371	53679	50015	34622	39706	48243	37861	70436	28343	25141	39582	37443	35536	41654	49072	62577	59201	63472	66014	36020	37022	42549	19405	35382	22634	29778	36118	19010	26837	26568	30617	47043	53223	59827	47119	60925	31746	33538	46087	31944	52852	44862	40859	98564	79858	92242	69288	94736	99944	55218	49165	43911
glutamine	12992	19117	20501	12515	17562	17170	19747	16951	18305	11678	18315	16077	15657	17069	23634	19128	22643	27511	19078	27191	37906	17930	17982	23628	29364	22273	28425	20762	26815	29182	25413	22808	30761	59060	72132	74619	14905	10723	2706	14575	5694	4702	19794	22853	30851	16776	11813	21379	21987	17967	28612	13228	3604	4267	5760	4723	3692	4064	19305	21335	16829	17785	18799	17010	24125	27008	39819	14628	35626	20518	23289	72938	28823	61946	59056	35644	8266	17171	31191	20870	46115	31454	30056	53199	82388	42150	50208	23995	30305	28950	38640	27981	38925	21528	20918	20176
glutaric acid	22	14	29	55	7	39	41	61	54	70	125	150	119	103	174	103	128	94	178	129	76	164	109	197	113	108	138	169	91	141	97	40	93	100	33	72	39	43	5	104	29	38	88	97	162	152	73	36	18	125	91	23	9	128	74	45	55	117	50	56	100	95	138	101	20	142	40	64	54	69	56	40	60	50	43	53	151	141	75	83	11	87	45	73	41	50	37	65	86	173	28	97	105	94	98	42
glyceric acid	175	275	257	177	210	222	181	197	301	242	671	274	294	660	677	1306	1110	1389	973	1180	1112	1464	5001	2100	4080	6137	2001	2889	3088	3472	2553	2057	4322	473	389	339	462	390	61	708	72	71	2603	3047	1366	1874	1710	2530	1853	2042	1987	165	391	429	368	477	418	275	522	422	356	284	392	900	663	363	1171	1138	830	859	613	1186	393	265	344	609	945	672	647	852	1520	539	824	983	200	368	594	632	560	753	548	946	765	261	286	379
glycerol	66179	64145	65888	15499	17821	20945	47377	50814	53830	75995	34343	86252	84935	34397	36962	27717	17586	14872	29934	32203	11417	21910	17988	26396	7052	3259	24803	15347	9488	14571	15528	10858	5285	6935	10704	11287	33533	38103	9977	40915	14286	10762	15429	18812	10620	12187	10927	14793	9749	10512	9924	21681	29807	32185	26873	35960	28445	24777	24330	21771	15868	8850	13015	13493	8302	2832	10292	2051	12075	12631	3562	5084	7645	10424	10886	8971	11734	16147	9389	4814	3113	8745	9581	3191	6654	9545	5848	16314	14264	7308	10499	11359	14214	23280	21786	20523
glycerol-alpha-phosphate	96803	79964	76178	86493	115007	90679	130647	179271	155883	138087	73549	154925	133820	70038	62935	37757	68399	59881	54009	37337	55841	41987	57040	34378	51563	49590	35636	47493	43148	46767	46197	44864	38301	51337	54952	60003	56747	68809	21909	46205	24678	19336	27899	28715	36287	41432	40390	35703	22569	21371	18803	148091	173352	192181	175687	117244	112811	110205	113508	109648	82805	99467	113611	115972	110937	141879	80223	106789	97933	105737	123815	70163	31290	31841	34667	79185	154713	147352	63440	146068	69118	61805	64455	58512	33825	36388	40219	121438	123943	118852	135718	116927	128438	80844	74104	80678
glycine	40852	32702	32095	37555	34314	32031	69079	38970	35000	59426	34335	62500	63667	35602	33166	61420	44843	48064	50038	51598	44128	45172	73774	49647	48263	76662	44818	78277	92850	63381	51676	50104	67294	97072	110081	106327	24246	22924	6903	26651	10329	7317	61223	39757	39212	47211	40039	45644	43543	34071	34546	37971	25035	22035	21805	21390	18257	19010	30736	29200	146136	124981	88505	66530	91871	40428	45672	36611	34845	63897	31772	34753	212458	130046	140414	48136	47917	32082	26544	35402	38590	21017	28455	31791	138011	196023	214358	65021	74313	32734	56040	66970	37748	215328	185006	156052
glycolic acid	75	125	226	161	74	177	155	229	211	276	432	252	396	207	381	155	275	491	739	382	392	383	264	456	564	396	357	275	293	317	151	466	268	84	276	247	122	99	66	161	97	96	420	411	329	265	662	186	183	258	189	238	165	276	327	264	289	254	228	205	263	114	406	192	127	136	310	267	335	177	276	296	242	277	185	190	435	379	188	359	141	197	238	225	228	105	279	294	257	672	224	113	254	227	296	286
guanosine	53	69	67	63	53	72	97	114	81	386	329	423	414	302	475	907	302	482	996	1045	391	993	520	1043	200	514	920	1091	598	341	1308	1233	702	95	187	194	123	84	216	123	72	168	737	482	282	412	279	408	465	570	321	209	160	152	217	243	246	287	163	265	211	144	192	168	367	211	279	182	303	375	239	352	250	174	176	306	183	147	253	161	210	100	336	261	102	273	482	164	169	186	232	240	191	326	270	429
heptadecanoic acid	469	420	627	437	440	470	714	531	380	3664	2195	938	1164	1663	2417	1606	2210	1924	1458	1592	982	2105	1093	1615	945	1401	1791	1691	1891	955	1193	1727	1321	499	562	529	887	806	165	567	280	185	1692	1091	1238	1027	1070	747	1166	767	634	856	1000	1007	797	711	686	1322	1016	714	868	787	677	1265	889	818	964	1183	1468	836	943	1109	422	464	375	675	1021	1017	652	982	818	655	560	1480	679	455	475	1167	697	1521	641	673	817	632	589	815
hexitol	2074	2249	2067	3456	4375	4074	839	1023	997	5306	698	5968	5232	788	629	7148	1013	905	8457	8667	940	7052	1078	6158	1106	1094	5820	5948	814	866	5669	6564	801	537	617	657	2583	2821	871	2382	1208	1041	1979	2014	2265	2400	2464	2407	1822	1858	1754	830	884	1041	987	6294	5674	5615	789	898	5813	6407	7883	721	956	1058	7469	646	7565	973	844	7236	2490	3040	3169	5759	1092	1032	818	1037	6430	781	877	5267	4115	5195	4467	1206	9596	1203	10181	8489	1057	5110	6086	6757
hexose-6-phosphate	69	41	98	1073	978	1084	777	1055	573	73	109	131	111	133	102	131	100	98	103	155	77	111	118	218	114	101	84	99	86	83	83	98	111	60	39	48	263	427	89	557	118	81	74	117	93	104	79	94	102	105	75	393	94	121	197	91	90	135	158	403	76	115	107	38	70	156	80	88	90	69	91	124	34	57	48	49	88	119	95	114	57	117	69	85	94	49	27	111	82	170	55	87	82	54	53	71
hexuronic acid	578	322	419	491	750	441	835	850	1097	1153	1286	1028	1075	1218	1358	1060	861	868	1066	1234	1082	1034	967	830	1012	1111	955	974	1186	1248	897	983	1254	499	483	455	337	271	231	670	286	216	794	616	828	1359	1438	1317	1446	1557	1690	1705	687	1118	631	354	301	358	1888	1804	1268	1574	1553	645	859	1325	351	588	416	923	765	465	1026	1323	1165	433	791	917	754	886	456	662	630	376	944	880	750	994	481	1004	494	413	827	1258	1132	1341
histidine	5706	7650	12431	7788	8285	11309	9315	7219	8644	2778	8160	3665	3043	9146	12074	4555	9450	13580	5391	5955	17756	4705	7941	7221	14270	14180	7204	4391	9549	15422	6592	4727	17046	10714	13871	14182	1482	612	153	1749	400	3477	14091	14749	16508	1724	855	2348	10702	1676	4101	7897	4868	5214	3543	2389	1666	2019	11162	9273	4051	3598	6153	8427	7515	8922	5760	6896	6224	7363	9466	10194	7579	12219	11969	5090	8455	9363	13269	11287	8211	10969	12797	8380	13768	7231	11681	10680	5289	10372	5203	3103	10963	5479	5900	10030
hydroxycarbamate NIST	103	218	222	164	210	305	134	204	338	378	678	617	441	723	1085	424	781	1103	1187	854	689	1021	777	1058	1087	512	906	380	263	693	924	919	1042	36	91	117	311	335	84	447	198	176	210	693	700	384	563	666	207	415	512	196	412	476	557	557	516	361	93	418	82	101	179	189	178	374	392	533	530	463	629	665	74	83	124	318	671	372	653	1061	578	502	602	567	104	88	195	321	230	598	378	265	790	73	114	196
hydroxylamine	278	1134	1609	499	996	2224	499	628	1833	1449	3209	3564	3767	4486	7442	1795	2325	6475	8331	6044	5096	5408	3610	12884	7248	4048	7781	1408	1278	5436	6588	5807	5915	545	691	807	1380	1608	636	4394	1698	1418	1206	7104	9200	1705	2771	6683	1449	2408	5364	990	1949	3966	4286	4000	4625	2435	761	3800	655	637	950	1197	770	1358	1604	2289	1963	3184	3333	5134	775	824	664	1014	2651	1121	6356	10923	4829	3418	4080	4144	626	894	1012	1120	829	3000	1170	1700	4640	847	797	1153
hypoxanthine	8222	9308	6197	4417	5445	5590	3836	2900	4095	26991	18199	32924	33453	15517	13168	11325	12361	16207	16262	13656	11093	8980	12701	13902	2253	17044	17775	18909	13605	9168	21567	17872	7740	1411	5708	5967	13068	12732	4260	15636	8248	5309	19971	21384	11143	18188	15161	23209	14749	15257	11168	14297	32427	28319	27168	28850	24205	24059	15176	16075	12783	8873	8202	22225	19034	8620	17079	17353	21690	17603	13764	17573	7902	5891	6263	23272	16633	9252	4280	12062	23394	4203	8638	18254	3607	7433	12201	8795	20714	5714	22527	22922	9929	15946	11963	16164
inosine	5388	5927	6185	4514	4948	4803	5552	5448	6703	10232	8266	11960	11476	8009	8009	13269	4357	7918	16724	16142	5045	12295	10418	12391	2750	11877	12153	14518	12082	5808	15937	14869	13531	130	3182	3826	6128	5975	4114	6615	7546	4508	10604	11574	6670	10278	6246	9290	8098	10399	5916	11189	9587	9086	9074	6628	6999	7447	10525	12249	9237	5329	4852	4012	8246	2867	6105	3217	6315	7703	2530	5530	5138	4015	3601	7202	3321	1381	2447	1590	4724	1509	4776	4910	775	3833	6500	2553	3418	442	4123	3856	1971	8182	5669	8375
inosine-5^-monophosphate	261	264	232	487	543	509	863	829	833	254	270	312	218	244	260	140	656	577	144	135	636	200	748	140	768	463	119	162	485	668	109	81	279	898	2796	2999	211	221	74	192	78	60	175	117	298	785	635	550	109	111	277	1822	1275	1836	1624	686	537	454	2450	1677	858	835	723	3618	3842	3996	1658	3314	1586	3749	2982	1587	691	718	808	1409	2825	2773	2187	2600	1279	2004	2298	1189	683	1139	1426	4559	2433	3006	2462	2803	3806	742	662	521
inositol-4-monophosphate	136	192	151	179	110	131	206	189	196	87	597	312	181	626	622	338	233	362	470	356	439	314	482	385	495	250	330	144	234	302	142	397	462	103	39	86	147	54	52	183	66	49	143	103	339	188	198	242	126	174	161	238	388	364	339	269	337	183	83	316	109	39	24	162	119	245	220	177	217	170	202	299	109	17	66	158	258	147	95	205	54	118	139	197	89	26	78	51	177	45	110	58	209	68	37	85
isoleucine	11672	13003	13266	5837	7181	7046	11234	11364	12894	18514	10912	21175	21997	11351	11825	59571	26663	28093	46609	52617	49566	58653	27495	63325	29275	28714	59483	41650	28738	28833	46582	46223	30520	16585	19304	19019	11481	10664	2249	12837	3611	2419	30940	34476	31222	24805	25462	28842	22702	23785	26023	11745	11328	11085	9364	11128	8435	8976	17279	13631	14823	11586	12444	23896	21340	20804	27280	21381	27971	21957	23925	29776	18324	18026	18583	23144	27844	26412	18671	27217	26472	19956	20263	23594	22926	23559	25381	26003	26730	26479	30714	31536	27632	23738	22988	27821
isomaltose	95	138	109	153	120	140	110	106	106	99	141	92	129	200	119	143	134	152	110	167	91	200	129	162	138	108	105	85	112	150	151	160	77	83	75	77	121	119	511	183	622	490	921	222	190	169	159	183	1688	291	206	172	182	176	206	450	421	36	140	158	219	233	219	210	129	155	380	279	384	107	233	414	151	180	193	314	282	298	197	195	140	142	245	389	112	88	81	231	505	189	512	433	183	97	101	86
isothreonic acid	194	202	223	117	111	122	118	106	118	136	149	213	184	233	187	200	220	255	184	233	215	214	189	238	215	154	168	185	170	182	160	258	226	123	167	152	167	160	57	69	57	49	172	243	199	218	94	166	129	155	159	133	290	308	292	142	194	128	229	213	117	134	122	260	142	175	232	206	141	214	261	149	53	77	90	139	330	302	152	229	175	143	120	105	91	114	76	304	171	432	126	122	323	110	116	156
lactamide	179	177	168	200	205	181	145	195	171	112	382	162	179	387	332	236	174	182	273	296	145	308	122	233	151	210	288	203	107	126	151	168	164	73	72	61	282	259	61	266	72	60	260	293	200	193	229	216	142	148	177	225	425	292	292	166	140	225	243	211	361	303	464	226	231	100	186	240	199	159	180	183	118	137	110	140	268	170	169	249	154	132	112	156	106	112	151	184	162	207	182	177	161	53	130	277
lactic acid	288053	135996	100145	196366	241904	118338	93074	92190	89149	51669	231556	47628	47604	220517	194022	74149	49427	41188	64691	69996	32279	71629	32247	51050	23985	35036	65068	57752	32371	28294	53998	44860	32286	243	20174	19380	179051	151409	21220	139789	35091	21668	91130	91364	59672	76100	78774	73533	48147	47856	44751	112122	168830	149804	145763	148623	110239	93882	134361	87670	84764	67200	71201	79282	86528	20502	54164	65991	48402	64922	56362	39197	18097	11956	18292	50819	62535	46777	34131	23756	49651	27155	37616	36605	13908	22632	36047	40118	55572	40769	53796	55338	37416	60	33165	26824
lactobionic acid	162701	198315	211466	258081	236406	231285	75113	73082	78854	62689	75496	63921	66970	93681	86838	27933	46246	60664	34288	37578	48742	22903	36712	27561	37442	32709	30887	35078	42669	51889	41413	38826	46310	100787	78928	93114	149636	157325	724692	206656	1015665	743191	150953	128220	169231	159507	135653	143889	297793	328956	311694	246943	257402	279866	314186	405986	610906	601021	208614	291386	308788	349291	321871	273395	140009	164375	290764	357371	274494	143530	337642	326338	397274	418747	398001	402524	146842	172673	341020	189571	281971	358228	317885	391466	134580	115429	62947	154490	136020	119969	111152	86418	149349	153852	143735	111682
lactulose	327	332	401	611	434	541	253	277	217	408	625	314	440	819	746	903	684	596	213	373	785	643	330	650	412	293	580	579	393	590	437	485	651	2753	2671	2728	662	1126	984	1038	1350	979	1204	1215	1835	1444	1774	1388	1917	1533	1743	1025	2183	2439	2260	671	1143	1169	963	1088	306	429	1401	3188	890	187	913	2981	2226	924	3649	964	1033	1040	464	1309	2655	2556	915	3152	1372	1156	921	1158	210	806	662	2547	733	2143	787	645	2427	3995	904	939
lauric acid	365	397	374	467	404	379	523	515	545	2027	2000	1028	1143	1541	2456	1543	1670	1877	1749	1468	820	2040	1558	1975	1104	1049	1326	1369	1527	1276	1180	1230	1339	587	844	94	533	642	238	622	294	238	1212	1143	1269	1006	163	1128	915	814	856	828	1083	981	907	682	856	704	613	553	613	596	960	1072	723	904	1155	1118	1170	788	974	839	554	994	574	684	1183	1211	870	1840	568	782	609	711	777	1250	828	1200	877	1362	750	769	1230	424	730	860
leucine	31088	27354	27362	14918	17589	15177	21217	22415	24938	31011	23795	37894	43699	26753	27827	101265	46599	45488	72796	84778	81517	91100	44859	90048	47906	34146	92102	68553	51176	48377	72788	69003	52781	29900	36814	35141	27923	18944	3767	27686	8060	5080	51598	55284	44728	36683	34085	42177	32624	35254	41658	26610	30592	18539	22765	33699	17844	25370	36954	28543	40555	28843	29751	36793	36421	32363	44795	33607	46357	35943	39632	43027	35345	34161	35737	41436	45871	47275	22899	34855	46556	31586	30848	37189	43256	44918	48752	44768	51330	48323	58340	58724	47593	51870	48005	60690
levoglucosan	77	92	49	173	192	144	400	255	215	78	195	141	177	182	134	155	174	240	134	135	214	290	355	238	190	172	248	153	198	214	107	127	159	33	70	36	153	145	28	133	31	25	136	189	221	157	200	96	105	97	148	164	214	228	308	137	137	400	182	104	214	148	277	321	294	348	162	302	228	316	408	213	90	112	120	241	436	505	255	394	192	160	167	193	235	160	113	589	199	460	193	241	515	50	111	236
linoleic acid	142	160	113	61	61	58	233	182	144	647	834	701	617	954	815	1373	317	258	1098	1346	207	833	264	490	70	333	791	547	326	294	438	488	308	76	104	68	197	199	52	245	75	49	805	793	506	421	339	530	643	543	488	116	124	190	388	147	73	65	150	149	144	89	88	277	11	111	370	294	111	125	183	83	115	64	88	182	101	315	191	166	126	82	120	138	118	65	112	237	217	185	112	149	169	318	174	254
lysine	1941	4434	10619	4755	5744	8188	1043	1334	3576	2701	9690	3968	3605	8692	20295	6633	4275	23236	6066	10365	32981	8673	5582	26681	25531	20859	21887	6891	4292	19798	15523	8509	26625	4133	7409	7192	3605	1634	477	7503	1510	963	7652	17833	19447	9433	4170	16943	10019	11843	20289	2195	3542	2974	3311	3174	2377	2282	9147	6301	743	511	2708	2494	2408	1752	5407	2793	3438	2221	8350	17932	2615	5975	6677	3509	4304	4014	11139	12982	12192	10512	11498	15741	5458	1860	4494	2879	4287	4298	4548	3762	5646	674	1322	3160
lyxitol	694	1790	681	546	356	331	735	497	903	3789	969	4498	4184	647	638	1508	682	690	1947	1498	595	1750	380	1806	440	296	1484	1207	364	525	544	1287	527	206	190	218	1131	936	221	1189	214	170	790	505	660	469	581	472	443	429	350	603	522	361	171	552	306	331	658	582	539	577	529	317	433	384	305	315	424	370	288	318	182	162	212	282	421	258	307	304	318	213	238	217	240	292	271	321	249	331	524	404	301	473	371	407
malic acid	11855	13622	9696	9310	11983	11478	8366	9656	9902	7823	11716	9814	8468	12036	11545	9102	10892	12540	11883	10244	12207	11091	10378	13532	9344	11453	14047	17241	8600	9963	18758	16295	9571	4188	4890	5218	5520	6390	2822	6621	3668	2749	18540	14610	18476	15605	16043	14638	12544	11281	13453	10656	9006	10139	9251	12166	10102	10377	11252	11014	6167	6600	5627	5647	5593	4717	14919	5746	13365	7732	5447	16825	5154	3780	4937	10195	9664	10470	6241	11501	15451	5909	7308	13587	3742	8232	9487	13268	13777	9931	16080	10508	12562	7272	7858	7580
maltose	40160	53669	51592	61681	61674	76827	21502	20751	23918	19292	21277	22022	25676	28658	29436	9956	13601	18740	11342	12133	16221	8037	11803	10955	12562	9401	10853	11120	13000	17408	13847	11507	13951	33671	28219	32618	45230	46473	614786	4129	22487	528312	5108	40512	54720	45902	45502	3769	8885	7325	7087	63357	74884	85043	93026	122914	145460	128644	57087	71538	76726	90211	94014	73031	35208	41235	78424	113606	74944	44433	104712	78864	146691	126399	150794	88778	47945	53001	90432	63370	81816	83506	83266	85591	35143	30206	21937	42153	1169	41052	1360	29746	45302	43230	35652	37017
maltotriose	74	71	51	127	213	189	96	35	96	78	160	208	155	173	193	141	105	262	165	230	114	224	129	322	78	94	192	133	122	164	103	163	40	34	42	40	104	130	64	199	88	105	174	336	352	265	397	402	367	567	626	51	96	104	112	106	120	80	119	68	78	77	87	101	75	90	205	119	100	106	109	121	80	50	72	96	94	158	94	91	127	70	120	99	53	47	44	84	65	139	103	168	92	66	79	67
mannose	4462	4699	4677	7662	9891	10323	8877	8426	10149	4908	5690	6362	5538	5124	4926	1538	3212	3173	1716	1814	2937	1951	3242	1904	3065	3337	2321	2045	3639	4064	1809	1911	3691	2341	2044	2444	11376	11353	1600	13673	1877	797	3767	4269	4364	5315	6802	6828	5360	4949	5165	7234	3089	4075	2969	3452	1381	2647	7759	7902	3507	2672	2920	1874	3211	3622	2255	2245	2255	3433	2289	2750	723	816	856	2071	2536	2792	3252	2576	2002	2990	3593	1071	995	839	1144	3032	2299	3743	2878	2257	3094	2026	1788	1693
methanolphosphate	1029	2172	2970	1706	1813	1239	1356	2053	1528	3281	5616	4530	4513	6156	8000	4909	4577	4805	5843	6704	5412	5380	5831	6387	6026	7285	7920	4460	4804	6461	4097	8899	6119	1819	1965	2124	1372	1517	1147	2421	1244	745	555	3289	5928	3189	1685	5105	3096	3135	3445	1326	5849	4868	5166	3559	3651	2386	2217	3282	1716	2431	3326	3265	2443	3963	3988	2415	5895	4485	3502	6008	2023	2618	1914	3439	2223	3847	4124	2634	2176	2386	2833	3226	1800	1921	1675	4442	4447	2290	2166	2167	4853	2410	2611	3352
methionine	1210	1137	952	337	376	348	751	687	730	1653	1516	2019	2502	1646	1733	4954	2459	2483	3552	4306	2489	4386	2411	3651	1826	1655	4197	4513	1912	1512	4123	3378	1595	849	1204	1243	1823	1144	205	1518	347	198	3511	3077	2146	1977	2028	2056	1714	1515	1724	1720	1946	1227	1223	3413	1782	2232	2064	1800	3376	1971	1652	2673	2303	1585	3227	2188	3257	2077	2013	2784	3121	2788	3069	2950	2891	2136	960	1932	3338	1187	1229	2569	4473	4828	5756	1975	3416	1770	4458	4419	1851	4017	3651	4239
myo-inositol	18189	19880	18460	16334	15373	16072	17072	18805	18920	73238	10503	85264	70047	11141	10087	105970	10448	12829	131251	129379	11756	100322	12945	87356	7780	15971	79248	76358	8255	8478	73286	87662	8332	7106	8157	8396	25572	28567	12696	24810	16505	13917	24347	23069	26924	25166	23302	24893	18243	20442	19234	14589	11765	13144	14076	29919	27975	25112	14056	14419	18815	19387	20036	9288	15585	17242	39658	7937	39013	15720	8553	39585	6821	7777	7862	28827	11811	9741	13570	10758	34741	12500	13583	25245	11660	13124	10868	15059	39587	11720	43198	36079	8886	13896	14551	17018
myristic acid	1618	1563	3746	2328	2787	2808	1748	1773	4846	15378	8658	4597	4949	7313	11683	4469	10821	8703	5518	5454	4573	6551	5703	5800	4650	5630	5991	4553	7606	5170	4621	5206	5180	2355	1144	2596	1947	2507	928	2043	1672	524	5481	4642	4971	4051	4614	4587	3466	3303	3329	1904	4511	5728	4522	1037	3509	5022	5623	1049	3674	3138	3153	4863	1162	1279	3587	5207	5791	2903	4670	5056	1747	2416	1888	2558	2908	4646	1592	6012	3215	3088	2866	4489	2196	2184	2649	3569	2134	6136	2659	3799	5229	1244	2456	3301
N-acetylaspartic acid	161	109	153	75	99	91	268	230	325	301	293	477	330	252	129	374	199	446	400	442	185	553	534	522	239	206	351	393	202	222	366	395	739	112	106	52	145	177	99	150	103	114	217	227	298	213	2250	258	196	199	162	284	208	250	257	205	202	197	145	146	243	175	158	236	152	200	219	175	232	173	170	182	47	68	73	130	439	342	175	741	131	147	180	148	148	106	123	385	149	366	201	165	389	156	69	160
N-acetyl-D-hexosamine	118	146	152	518	713	741	291	138	330	792	687	828	648	599	632	561	282	288	404	568	262	684	244	734	180	146	772	837	145	284	361	532	252	53	36	55	1199	1201	103	1113	119	97	643	355	364	222	256	361	510	463	443	1285	1616	1696	1623	673	599	521	904	1229	251	207	332	160	74	120	110	175	122	86	98	227	65	63	57	100	222	157	93	161	97	85	82	82	66	39	62	167	81	223	92	102	162	133	52	75
N-acetylglutamate	213	264	384	157	234	381	178	306	460	248	286	367	326	368	427	166	407	586	641	418	403	285	579	490	622	607	459	172	306	569	569	469	476	630	338	274	237	84	149	357	134	103	285	306	409	294	383	370	217	272	323	442	217	269	223	156	158	149	695	479	187	158	300	62	412	786	544	288	525	407	633	781	288	108	160	412	332	368	768	630	754	835	755	608	358	418	477	339	375	462	410	415	352	210	127	221
N-acetylmannosamine	179	73	286	174	198	380	409	333	357	3365	917	3932	3575	777	749	1225	531	162	816	1191	384	674	637	886	380	673	708	779	525	456	707	693	530	185	99	123	1153	1319	202	1022	378	284	556	606	323	521	473	481	590	494	250	1494	1006	2165	1973	2009	1546	1618	1053	1182	1969	1717	1371	366	328	296	619	316	512	243	318	393	142	88	111	167	510	311	461	295	308	348	230	230	107	145	88	309	470	403	474	450	340	1315	1044	924
nicotinamide	5094	4819	5217	1800	2227	2216	3314	3343	3844	7081	4461	8481	8320	3572	3394	6353	3980	4044	7361	8009	4048	5275	4991	6937	3681	5583	7183	8799	3839	3391	8157	7403	4799	1871	3180	2952	4468	4341	906	4492	1452	927	7142	6836	5481	5800	5225	6992	4609	4329	3928	5496	7368	7971	5529	9760	8102	7687	7839	6987	4856	3410	3435	9364	9634	6087	8465	6933	8499	8370	7368	8770	2666	2358	3035	7100	9024	6057	4551	7481	7767	3119	4613	7054	2223	3091	3767	7109	8412	6075	9372	9942	6570	4218	3244	4070
N-methylalanine	6022	6708	6649	3651	3891	3647	30152	28125	30321	29197	21547	34800	37853	25316	23606	16904	30454	30225	18580	19850	26580	18301	26058	16076	24671	22006	17290	17196	28347	28792	18231	16108	29516	86948	123144	117525	33020	25489	6080	31720	10202	7160	58589	61542	50201	65766	65703	69197	40687	41534	49205	46984	6122	4459	6617	9156	5577	7282	50636	44692	3120	2980	4090	8243	111541	67338	15052	7006	13609	111928	7305	12689	2286	2160	2364	11490	7350	8146	54517	7067	12546	57967	67956	10852	4367	4360	5045	10512	21190	10336	21781	22619	10662	4275	4293	5144
octadecanol	62	64	95	64	84	102	110	66	105	207	276	323	232	206	326	177	221	523	265	264	227	312	267	268	181	252	192	254	158	223	238	256	355	38	25	59	124	164	55	162	49	80	209	264	323	218	251	168	193	157	163	334	227	157	368	180	158	126	152	165	167	89	152	163	116	85	170	161	279	163	199	189	50	83	70	102	200	128	167	316	128	150	141	219	102	122	101	172	104	145	51	141	220	35	77	106
octanol NIST	177	189	197	207	179	220	360	260	205	416	642	311	339	436	582	518	609	652	572	477	439	856	513	945	435	488	503	595	504	402	519	594	453	1956	2075	1889	309	344	110	242	149	118	547	405	460	521	561	323	439	299	414	403	449	360	350	287	352	267	265	222	2608	2221	2696	550	409	340	441	563	524	380	332	492	1650	1931	1633	306	666	543	444	825	259	265	295	303	2222	1812	2109	594	360	570	275	341	427	1786	2125	2694
oleamide NIST	63	159	56	65	93	195	76	74	91	116	179	150	1194	257	346	323	151	347	242	648	81	224	174	435	153	200	758	255	180	117	416	203	376	94	134	268	133	78	33	134	92	30	196	212	333	265	89	263	216	156	136	164	242	225	349	229	109	113	200	307	329	237	345	130	80	108	189	131	128	176	122	130	472	288	121	135	121	93	123	178	99	284	230	206	366	301	100	106	95	163	97	118	122	218	347	245
oleic acid	162	177	171	115	109	116	148	100	104	1506	1493	1029	865	1275	1441	2051	683	650	1817	2088	290	1395	467	1340	267	542	1049	1273	734	481	972	771	533	44	70	84	442	241	106	254	147	113	1787	1447	1006	897	879	879	1104	981	351	312	575	608	581	447	511	502	241	294	91	176	132	420	255	117	558	428	653	125	531	530	100	100	77	450	668	517	130	503	389	161	112	375	59	89	101	39	496	453	316	465	451	215	234	308
ornithine	10625	12532	11737	4073	5442	5272	7682	10942	9849	11242	20689	13749	13542	24953	27655	23633	18711	22262	19537	23088	30680	25237	20242	32684	21052	20725	25965	22978	18748	23427	24702	20958	23168	3058	5388	5431	9637	9182	1468	10384	2179	1518	17849	15094	17982	16400	13711	18159	16852	19656	16435	9234	4918	6297	4503	7237	5367	4225	12874	12494	2342	1786	3140	6812	7960	6985	12307	4946	13713	8831	5817	13172	1678	3047	3209	12202	6598	6609	10716	8461	11680	10804	11407	11290	2515	3886	5519	6234	10831	5870	10622	8097	1755	1898	3008	4816
oxalic acid	169	162	72	36	32	88	93	80	187	324	149	102	87	176	202	319	87	166	328	396	65	240	267	395	300	492	399	261	260	182	314	451	287	170	173	100	88	95	34	81	46	21	240	195	349	77	423	241	159	144	199	94	135	141	185	93	110	168	137	130	45	83	90	108	71	37	234	165	18	47	144	320	60	147	34	148	219	218	190	159	163	126	117	163	98	124	41	480	128	280	94	120	84	83	36	66
oxoproline	55405	64752	77235	50102	61902	66526	81074	94184	118325	96936	90163	110387	99552	80500	82130	100434	125435	132094	99154	95884	144957	104785	196078	114041	138354	213922	109881	105040	152616	169139	118316	112978	186928	120162	147156	142588	63290	76077	23641	63983	33856	27294	122588	137342	125728	130558	156187	144703	98212	103517	112299	135569	44860	41535	41597	39901	40630	41368	174738	131363	62932	61217	70582	105925	170463	151054	155140	105802	141717	194039	87965	158933	75472	49874	61245	127181	106254	101501	124130	114864	179311	119148	130230	158157	67368	102651	136141	128311	159243	128561	190517	205888	142849	71218	61080	75696
palmitic acid	7436	6134	9394	7065	6612	7416	12459	9252	5920	50538	38415	21081	22851	31728	38799	39714	32449	33080	37754	38388	17184	41865	20857	29659	19005	24901	33922	37020	32007	18723	24664	31450	22300	6051	6110	5972	14495	12465	2966	10536	4473	3403	30120	20367	22295	19985	21721	17016	20981	13381	13628	16285	19721	17643	14702	12561	13052	19667	14810	12321	9862	9685	8846	23230	15368	15215	22139	22151	22505	12935	16628	18861	5172	6306	5590	13577	22134	21126	11840	18579	13705	13118	11249	21663	6749	5656	6176	22171	14430	27320	13834	12528	16161	8128	8187	8777
palmitoleic acid	33	87	57	43	38	176	48	79	78	373	103	413	480	815	168	750	321	98	220	591	97	115	167	265	81	578	159	115	178	186	104	103	102	37	47	45	10	65	21	106	35	35	1107	803	121	164	487	722	858	717	558	74	382	444	74	288	104	71	70	54	115	98	77	135	68	67	82	146	47	56	91	136	26	78	54	86	82	113	92	444	50	97	128	109	69	58	61	114	73	92	82	77	153	45	77	65
pantothenic acid	114	97	75	102	92	123	49	52	35	331	215	169	132	215	185	214	206	183	321	230	153	371	206	304	87	252	187	178	152	200	219	168	130	141	106	121	92	150	89	93	137	47	172	83	169	158	94	162	197	148	153	115	149	231	199	131	183	229	82	94	175	131	109	184	145	173	211	172	267	157	105	179	110	159	129	246	247	276	265	213	177	178	140	138	217	226	294	208	362	139	344	354	347	152	151	105
p-cresol	18807	25108	22207	23045	22774	27180	34877	27809	25584	50313	74323	53540	60690	77220	72549	74617	64226	69784	89955	88568	43969	101005	61621	106043	59118	60202	77349	74387	58369	56559	77298	62336	58255	46	41	66	38330	34274	12733	43689	20340	14011	69707	67030	55730	56827	58607	58662	48755	46481	52272	42155	51418	54597	57792	48262	39778	38276	39211	34132	631	568	560	61358	38918	43893	63641	67547	55726	36285	52590	57559	452	389	307	41641	74886	62239	47416	72960	47297	43371	47019	40103	683	405	388	70475	40869	75747	41662	51316	73373	123	557	625
pelargonic acid	447	564	1466	2335	1006	2910	508	1982	1576	1340	4837	1832	3268	2331	2503	2258	2482	3324	3758	4885	2339	8068	1703	3518	2750	2552	2955	2058	1974	2174	3235	3682	5213	2097	1903	1512	1125	3193	308	830	455	385	3285	2055	2342	1465	19831	1978	1917	1675	1748	991	2884	1771	1332	1106	2707	1388	1135	1664	1325	1214	2027	1678	974	1462	2070	2543	1746	878	1607	1644	1306	1896	1190	1061	1966	1923	931	3356	1543	1185	1182	2594	1638	1095	1314	1617	3383	2253	1081	1082	1453	1296	1100	1096
phenylalanine	4724	4337	4470	2375	2569	2564	3961	4174	3748	7023	6153	8031	8116	5492	5600	22898	4681	4974	12109	13253	12305	20488	3417	18888	2547	3037	16674	14228	3964	2984	13083	12590	2634	1371	2082	2019	6311	6354	1400	6560	1704	1183	10916	8989	8432	6826	7207	6909	5427	5339	4742	6302	5191	5270	3701	7606	6441	5758	7806	6467	5394	3561	3057	5411	5662	4546	8391	5099	9350	5702	5172	8906	2772	2544	2820	6205	5482	4303	3223	5075	6289	2783	3172	5435	2036	2710	3940	2510	5169	4000	7602	8763	4702	3678	3544	4456
phenylethylamine	2592	1829	2574	1005	894	1200	1845	2626	1881	2214	459	2246	2578	889	758	1368	1218	1044	1641	872	1254	1677	2050	979	2481	2449	1345	1642	3489	3440	2733	1349	2185	198	348	346	295	232	63	303	28	43	115	449	86	306	125	253	256	419	154	216	706	697	827	657	216	176	142	177	120	227	306	1143	525	364	661	1431	739	417	887	456	196	179	202	774	1997	2010	262	637	1453	229	267	1010	149	141	423	3714	2335	5030	3482	3714	3611	448	597	727
phosphate	90529	79329	56328	47782	33737	47010	51426	60537	51318	101312	96868	112999	102984	95141	97865	42314	102125	86385	65246	35392	101934	43124	123941	50939	112004	98440	53733	57747	83162	89360	60249	56214	88776	32835	52319	54206	36206	41937	31446	38645	38819	27870	16914	27990	45401	41163	29961	52213	35176	37831	36397	87101	124325	127628	123330	80518	79173	59978	61140	69582	68972	86992	111295	85955	55040	78357	66150	66124	69733	76428	83920	45477	32093	50235	45666	59143	116762	103007	54075	99602	45362	47606	65064	47327	33657	45258	41993	92534	91172	72556	62229	63328	93304	64736	66858	83496
phosphoethanolamine	2261	7386	8573	2486	4152	6123	1075	4005	3437	11929	3787	20219	21321	6216	6510	4356	6262	2168	14546	15440	8929	10971	3525	10383	15583	9816	13178	3360	3387	11636	13471	10739	5684	807	410	429	2121	2254	1342	4338	2969	2163	831	2774	6157	2681	998	4586	2112	4175	4977	3666	6851	9657	10216	11225	6726	6112	13420	26331	143	571	581	2407	6714	12837	3508	3743	7169	18423	7561	10830	356	95	231	3642	3075	5253	19068	7029	7304	20458	18108	6226	807	73	775	6234	6130	7309	6649	3673	11221	496	1052	387
pipecolinic acid	259	184	299	162	135	72	143	117	159	158	201	140	188	191	295	439	334	287	290	256	535	260	465	258	598	272	357	202	872	551	189	280	706	365	418	362	128	110	33	140	47	33	172	219	234	197	94	153	129	142	185	165	485	255	546	520	183	377	105	132	746	648	738	426	241	192	411	359	311	178	496	212	352	285	358	489	478	897	132	476	393	169	159	226	487	467	523	1363	644	1518	593	886	1138	736	701	837
proline	27640	28333	29533	16517	16200	13628	25360	24249	24652	24891	36935	29650	35901	44780	44307	42785	67578	60495	34165	39437	72074	41367	57256	35435	58015	36770	40766	38518	64797	60307	35776	33898	62949	43515	46170	45467	23576	15125	4553	21492	7639	4935	31303	33160	22585	23860	20756	27154	19997	22195	25268	23341	30381	16843	28911	21267	9654	15309	23902	21827	31964	27177	29255	25902	30155	26577	26559	23469	24790	26601	29070	19524	24342	22959	25037	31571	34263	43389	14810	24284	31251	22040	20519	24502	45705	42993	43416	42909	52623	48772	55502	55880	43304	37955	34169	41440
putrescine	1018	1219	1665	938	1301	1327	567	1013	919	1242	1652	1091	1417	2251	2457	395	2509	2052	660	563	2300	697	2221	844	2319	1277	803	239	1254	1658	534	392	1576	175	252	268	750	1223	174	862	240	236	407	548	504	578	680	738	437	543	568	667	4777	6668	6746	909	752	946	912	743	283	154	521	3241	659	1017	753	4426	816	663	6372	888	92	238	198	571	4501	7944	874	9508	698	657	651	696	376	312	375	4599	634	11447	849	659	7956	75	262	346
pyrophosphate	19052	28315	27276	28504	41790	40361	21262	44075	53070	10526	15591	15255	12397	17026	16612	5510	33359	17057	8386	6581	36072	5747	27553	7334	58595	33488	7000	4566	12983	29212	7560	8820	28961	58555	33187	33372	14875	21934	11163	17053	13866	10519	3232	6573	14796	11529	14871	14811	7688	9811	15260	42323	57615	64042	58934	34799	30661	25099	44969	60006	11808	15083	36732	22159	21395	71265	17487	34299	31459	35686	54567	27471	6883	12386	12248	19436	48641	69771	64431	69381	25939	81135	53053	24701	32762	15716	15513	46621	34518	67498	31303	19536	77239	7820	13358	18119
raffinose	36026	39817	45194	50307	44313	51981	19860	19906	20472	15955	28031	15698	16511	30213	29161	6521	17453	19347	7719	9126	16736	5763	10918	6931	11773	10450	7899	9280	15624	16879	10202	9903	15962	14756	14911	16459	31783	35875	208073	42706	336912	255536	33237	25408	35791	32716	36302	32660	63953	63225	58797	44652	60252	54529	61831	83220	90375	93134	36820	53803	47981	50833	55607	51766	25841	29021	57881	74787	63699	26230	59482	63766	70606	86428	84732	83601	34302	39740	62578	37286	55073	64151	54622	79746	21290	19420	11992	31972	22557	30568	22088	16958	31401	22187	19812	21480
ribitol	1537	1634	1578	496	651	563	625	654	560	3414	805	4060	4861	842	782	1606	576	574	1559	1704	480	1577	380	1507	321	298	1303	1425	364	275	1214	1098	313	210	207	201	973	1028	197	1070	234	232	694	720	567	603	428	495	328	507	251	480	477	507	441	527	336	259	551	466	200	208	203	317	433	444	305	315	424	370	265	318	125	142	166	282	421	258	331	443	324	262	287	217	146	148	158	197	249	331	366	268	313	303	281	329
ribose	1206	1027	1048	727	817	680	955	769	995	8129	2854	10901	9948	2043	2981	5755	632	667	5504	4030	245	6991	764	6919	552	643	5654	6073	1120	428	5521	4659	775	155	332	284	2734	2841	445	4023	876	378	1043	1094	389	561	336	579	800	884	348	1179	1488	1568	1316	1502	1585	1491	1326	1254	1848	1002	1211	726	543	475	511	549	816	591	646	537	460	506	475	621	668	585	421	657	573	232	332	451	356	459	562	793	523	680	659	1010	1028	1210	839	974
ribose-5-phosphate	584	140	470	592	780	715	594	625	695	748	519	997	835	563	675	518	733	987	682	537	789	373	1337	365	1123	1077	397	516	1117	1106	500	485	957	334	354	467	704	797	482	881	641	452	94	252	750	579	466	793	551	557	431	1021	585	846	822	836	785	746	569	972	772	953	724	643	921	1049	849	535	864	1015	644	717	431	348	445	748	643	812	744	764	486	561	1026	552	459	581	688	1036	1213	683	998	780	829	696	529	626
ribulose-5-phosphate	423	384	288	649	898	756	421	505	565	307	354	279	290	352	295	238	195	363	213	235	250	190	242	89	294	278	134	239	319	181	233	171	184	107	38	65	653	726	499	854	638	458	168	223	318	248	250	454	371	205	314	432	246	263	347	118	211	193	291	533	309	340	281	171	153	296	214	212	182	171	186	214	75	91	94	122	239	179	258	152	80	202	352	140	99	92	94	192	93	254	101	71	199	138	94	145
saccharic acid	159	199	179	289	359	307	3229	3698	3380	168	227	240	173	167	263	175	234	258	149	223	241	172	279	155	194	188	210	183	166	227	72	145	153	153	181	154	102	118	62	148	86	43	108	174	129	74	83	165	104	122	131	370	187	376	277	1597	1377	1137	256	328	866	1052	799	251	294	358	1277	211	1217	320	223	1194	350	342	372	1027	287	201	300	268	842	247	215	785	349	355	351	345	1366	422	1203	897	367	770	703	665
serine	7021	9413	8737	6428	7322	7469	6621	7196	8264	8889	13604	9394	10375	13855	15832	19875	25188	24625	17155	18328	30851	20552	38147	27198	45448	45091	26057	27248	33332	39444	28415	31945	37138	28282	26469	26718	11042	11033	2856	11809	4349	3126	19985	20492	21048	20720	22026	25633	22883	23268	25542	18663	12628	14364	10899	12610	11251	10373	24772	24358	15727	11937	12324	16573	24624	31721	12486	16274	18953	29088	18064	18230	18574	17409	18956	12349	17689	24044	37110	29007	17988	33401	33308	15643	32226	33182	38503	12757	12027	13548	15489	15924	14212	21349	22757	24435
squalene	130	1579	230	167	231	291	234	323	296	3421	732	247	693	699	1494	243	1404	1407	807	677	252	427	373	289	475	318	622	373	1507	566	993	372	711	59	54	735	311	145	4691	148	6178	4811	913	142	420	282	272	250	235	2526	2423	277	2053	593	494	467	467	5343	418	466	3009	3183	1076	471	196	408	276	414	555	329	531	651	3505	3507	3534	300	519	354	2685	613	300	658	2615	405	227	853	523	305	269	557	246	189	546	52	335	528
stearic acid	36516	27800	50575	31382	32404	40051	56507	42400	28271	272687	191139	85405	103039	152622	185876	151155	158216	172256	142640	151346	86387	176008	99378	131155	97051	143943	160494	179702	162012	87095	117856	174683	115405	43892	42726	41620	63035	49735	12668	44457	23570	15792	125639	88733	107459	79275	94201	77612	91197	59829	58217	84728	96501	91410	70594	60335	62224	118363	87849	64887	71586	77779	68836	111036	73265	73710	103255	104723	95583	65754	89574	90496	39487	43932	40327	63400	105221	98381	56024	89503	74194	70330	54950	133099	47398	38744	40501	107014	65822	136011	59792	56810	78697	58152	59559	60460
succinic acid	3185	5031	8324	3224	3336	3619	1021	864	832	1063	881	1202	1110	1061	927	1249	598	997	959	801	1742	1161	2872	1566	2722	3843	982	1113	2619	2217	877	1418	3619	1415	2123	2318	228	719	67	527	192	131	800	1270	1561	3432	2839	3362	2370	3102	2179	256	865	582	851	768	664	503	1697	683	707	457	570	942	796	1253	1359	852	1063	687	1364	814	1209	1836	1158	3514	1151	2266	1796	1188	2216	1971	1917	2105	1982	1898	1050	5075	2316	3977	1428	1041	6123	757	666	633
sucrose	50	105	130	95	83	98	85	71	132	196	308	114	109	844	580	220	174	268	376	186	159	136	120	221	183	233	120	242	135	161	98	126	278	147	61	48	137	193	236	194	265	144	273	60	123	133	121	275	308	215	133	81	274	214	953	495	472	490	152	138	131	73	86	229	135	322	106	286	416	117	420	506	111	198	231	534	438	415	336	502	409	124	293	387	24	65	62	123	469	246	387	295	469	231	84	91
tagatose	145	173	161	333	344	417	429	510	484	145	212	210	204	313	418	502	156	241	263	368	654	407	209	582	258	169	466	302	193	186	349	253	229	9183	86	49	569	551	107	664	149	136	90	390	447	385	461	524	71	342	500	220	194	179	302	194	113	187	226	256	80	77	97	135	130	172	238	148	196	147	191	264	54	61	73	138	121	188	236	140	106	194	167	193	104	84	77	120	90	253	88	149	142	99	76	137
taurine	19	803	2226	566	679	1089	39	36	341	500	804	1574	2216	1449	1840	2265	257	1792	4472	5224	1442	4925	243	5498	987	1287	2765	45	86	1838	4103	2178	2114	4439	5454	5177	884	207	176	2010	806	596	862	2729	1349	1379	900	1821	485	957	1726	316	569	305	1947	2338	643	915	5759	3897	6460	3805	8149	279	43	347	880	224	656	276	1375	1689	3502	3830	3873	216	326	197	2665	2297	3037	2577	2479	2067	5479	3051	3335	62	141	351	80	272	1007	3287	5214	7856
threonic acid	193	199	224	93	79	92	149	146	130	305	230	280	326	160	200	1127	261	259	1095	1646	226	1505	571	783	583	1065	1137	1368	1228	618	1116	1659	1169	468	472	284	126	78	58	114	79	74	833	638	1172	1072	1170	768	906	725	723	232	206	205	185	157	164	147	431	139	128	98	147	171	218	445	770	264	1019	222	256	1194	27	634	141	389	234	606	595	392	241	439	374	460	512	267	139	804	355	1216	275	173	854	101	119	166
threonine	7879	8793	8689	6188	7413	7555	6090	6447	7776	8599	9356	10717	10602	9316	9893	16050	15664	16698	15574	16991	18598	16687	20101	18918	21040	22862	18021	16381	19672	20803	19062	18970	21002	21505	23766	22750	5789	5927	1043	5516	1777	1459	11803	12444	11787	9853	10133	11015	9959	10469	10926	13319	8053	9699	6926	7978	6477	6519	17143	15373	10098	8409	8705	13811	19180	20207	11578	12037	12734	21214	12613	12898	11446	11237	12060	12082	17661	16557	20307	19702	15219	18851	19598	13328	16837	17806	19640	19390	16688	19814	19903	19799	20965	16268	16157	17237
tocopherol alpha-	211	240	187	259	296	265	489	574	601	733	1441	997	864	1632	1735	2077	1094	1425	2694	2192	1131	867	1884	1097	1982	1675	1812	2038	1268	1440	1988	2077	1565	454	376	421	593	462	331	616	331	275	934	1133	1777	1322	667	1466	1417	1710	1196	720	589	709	687	1254	1020	805	324	741	551	598	545	634	480	842	1392	556	1460	666	466	1283	469	548	509	1126	752	392	724	611	1054	590	758	1242	287	411	312	705	1410	548	692	863	660	473	488	476
tocopherol gamma-	197	185	152	153	115	124	385	449	340	194	589	375	250	756	617	369	432	495	580	301	576	330	659	267	834	624	376	184	585	585	271	388	553	125	83	133	124	136	52	144	101	67	170	204	195	211	185	280	199	164	256	182	203	255	243	130	114	136	172	181	403	372	466	240	177	190	210	319	150	120	245	200	261	366	312	203	274	205	242	375	154	328	293	202	232	231	209	295	117	291	143	176	229	329	267	418
tryptophan	1885	2580	3331	1656	1900	2134	1881	2117	2493	1833	2044	2265	2000	2074	2540	5407	723	812	4760	5218	3130	5532	351	6372	752	495	5851	2767	520	632	4300	3717	527	1209	1470	1474	2129	1720	483	2343	742	535	2821	3355	3949	1740	1347	1774	1499	1516	1705	1601	1551	2038	1917	1989	1328	1508	2872	2448	1316	1069	1415	4276	2203	2387	3001	2694	3443	2226	4767	4140	398	588	690	1690	3284	2855	2311	4957	2310	2097	2318	2529	765	508	520	3550	1374	3211	1543	1347	4060	703	631	801
tyrosine	11479	11371	11929	11181	13312	15195	9055	8858	10906	10979	11475	13498	14182	10612	13091	27175	10279	10666	19502	23432	18185	22978	5300	25910	6011	6552	24035	12825	6048	5198	15739	14070	5041	5188	9337	9525	11696	9942	2281	12841	3259	2069	15978	14231	15632	8746	8252	10006	10496	10042	11755	11411	16447	19502	12772	18893	13935	14094	17952	14476	18747	13449	12631	27507	11652	10140	21330	23619	23806	11839	27216	28273	14777	15073	15569	18957	32215	26874	9746	32609	24098	8089	9357	21965	14991	15533	19056	29025	19969	27541	26816	23822	29955	18496	15644	19775
UDP GlcNAc	169	24	195	178	128	80	302	337	312	188	249	212	169	332	154	264	203	191	51	68	101	88	188	182	236	163	179	45	95	169	89	131	142	35	95	136	152	151	92	180	94	104	86	99	190	106	113	100	98	51	87	63	436	280	528	240	109	91	330	65	220	321	357	240	235	353	211	205	175	285	242	232	28	40	67	205	287	126	226	146	197	176	232	213	138	123	124	303	101	415	92	154	296	171	184	150
UDP-glucuronic acid	163	224	249	220	162	171	179	240	171	188	436	201	189	561	534	231	402	315	226	318	335	1543	716	211	452	544	296	234	519	674	228	207	754	293	245	292	146	115	329	145	79	69	224	155	271	567	284	411	314	477	280	982	251	232	5738	298	279	241	564	701	332	212	306	334	334	565	507	236	449	500	373	322	135	128	123	417	271	368	528	382	215	343	437	294	262	159	186	558	495	486	293	190	611	145	166	153
UDP-N-acetylglucosamine	309	477	470	352	417	456	545	695	641	104	104	161	142	135	138	122	293	270	171	80	248	90	357	157	455	315	84	111	208	189	68	145	152	244	224	248	127	104	55	95	73	88	124	119	22	109	56	61	103	97	110	453	242	399	387	182	149	156	210	445	169	214	191	264	173	661	244	248	269	480	422	275	82	159	144	323	340	198	338	556	343	283	391	318	256	208	204	427	247	470	245	152	662	159	134	147
uracil	3720	4831	4970	138	290	322	2222	2462	2904	8331	1913	9425	9844	1961	1847	2470	988	1122	3464	4206	1038	3790	592	4166	244	695	4022	3542	636	417	4039	3299	424	76	282	283	1016	1044	382	1224	630	450	1389	1416	897	664	583	960	579	612	476	280	366	307	230	333	426	409	88	156	498	288	260	692	535	127	812	427	643	523	259	728	383	309	263	884	531	276	125	374	1266	124	216	878	175	711	960	314	465	276	587	1333	407	689	575	981
urea	20217	23663	34684	24078	27985	29949	51508	52187	56047	48976	12710	45509	48533	11422	17244	23386	33369	27013	24693	26780	29178	28196	36157	29458	40061	41441	26759	26471	51609	46733	28393	29258	52358	21103	25556	23155	9020	5744	2706	12145	5432	3828	13653	22346	16099	16556	17906	22397	19173	18463	21616	4097	4775	5220	4183	11747	8620	9260	6641	6662	18378	17965	22693	14878	11748	11495	17898	8286	13017	13210	13295	20528	23155	7344	22239	24252	22889	24415	11116	25450	28596	9613	14207	24022	36390	28925	25619	31940	30879	43591	36077	26403	37170	37778	39796	43499
uric acid	5868	9802	10175	5878	6731	6805	5038	5654	6116	3712	2442	5896	5984	2500	2506	1648	1546	1471	2069	2148	1634	1744	1297	1595	1710	1740	1766	1238	1023	1727	1796	1765	1592	574	528	611	3849	3614	1026	3578	1470	1222	2027	2218	2376	2455	2110	1207	1960	1987	1821	1327	1211	1633	1824	1325	1182	1330	2112	2266	1159	1048	1044	992	765	1191	734	556	794	840	1296	847	313	344	337	489	579	348	1370	1224	625	1208	1244	581	320	302	234	853	187	393	197	237	1202	642	546	707
uridine	1281	1267	900	843	672	797	2372	1864	1773	7497	1320	7637	6983	1657	947	2085	1288	963	2085	1910	770	2131	1693	1364	266	1004	1466	3412	1929	580	1753	2443	783	210	772	717	868	1093	403	790	441	409	2831	2583	1085	1694	1384	1774	1433	1818	577	2321	1559	1617	918	1189	1177	1317	1469	1660	870	453	401	1964	4807	1030	1502	2097	1359	4680	836	924	508	385	413	2081	2434	748	754	594	948	416	947	890	253	529	1103	1080	1301	733	2029	2431	994	1417	641	831
uridine-5-monophosphate	133	202	308	731	328	625	597	349	160	83	187	140	83	202	184	111	257	118	177	155	275	137	202	177	503	316	96	147	189	296	156	71	198	1229	934	782	181	372	1697	413	204	1561	306	342	523	431	448	227	683	552	448	699	324	927	953	922	853	205	1072	536	872	323	777	1069	517	1069	683	580	783	522	1487	796	822	1322	1221	714	707	303	1232	984	628	830	464	745	1203	256	184	1697	445	883	376	385	1367	757	367	199
valine	19722	22493	22692	11880	13837	13057	18758	17897	20463	30003	21344	36249	40796	23353	24373	82474	37070	38479	59437	67614	64855	78611	38147	81988	39680	33479	76391	56806	40632	40015	61517	57118	43566	27668	33689	33166	19548	14997	3734	20300	6402	4250	44010	48182	35880	32058	31453	38169	28479	30805	35721	20278	19466	15153	17096	22663	13865	17160	29555	21146	34094	26493	31595	29185	28178	25036	36178	25915	36296	27481	28145	35389	30518	28137	30686	31405	36663	35479	21197	30734	37282	24970	25974	30876	36274	37454	42539	35710	36467	38714	41227	45206	38387	44405	41655	58169
xanthine	4101	5214	5167	2192	2604	2649	2849	2825	3040	7813	4040	13122	12665	4426	3984	3007	4394	4916	3510	3379	3974	3244	4461	2961	5231	5924	3148	2972	5396	6115	3498	3349	5684	2563	2891	2780	3231	3240	583	3080	1009	751	2845	2604	2619	3454	2988	1960	3160	2968	2433	2171	1774	1898	2038	3167	2952	2653	3285	3217	3973	3149	3298	2447	3045	2682	1873	1264	2121	2858	2437	1940	1701	1644	1718	3092	2443	1279	3421	3550	3143	3194	3603	2805	2075	2341	2271	3378	2825	1670	1803	2390	3980	4788	4028	4524
xanthosine	257	349	301	184	216	207	358	327	350	259	204	341	333	188	134	248	252	269	227	255	246	227	218	282	165	193	260	246	145	207	216	232	151	110	125	54	192	257	44	174	102	84	277	272	247	208	275	152	203	201	181	150	136	114	177	145	136	79	259	200	129	76	126	163	243	193	181	131	120	352	173	227	42	98	72	124	162	153	289	179	86	107	181	128	60	37	76	98	77	183	110	87	111	173	133	117
xylitol	1983	1687	1363	946	1340	1175	5856	5975	6286	6920	4832	8274	8306	5177	4768	2050	750	488	1984	1890	411	1076	284	1504	175	322	952	791	423	303	677	499	270	209	78	60	2081	2018	500	2301	655	481	519	619	369	352	250	331	539	484	282	1962	1271	1329	1210	1241	1318	1154	2268	2234	1371	1118	1125	113	120	118	228	174	320	104	166	279	144	124	94	201	217	147	123	178	149	51	89	140	54	109	130	216	197	162	188	231	136	468	529	494
xylulose NIST	126	113	123	161	124	115	199	88	211	244	275	364	328	190	269	469	147	287	495	315	212	442	239	719	82	133	369	470	19	200	426	280	210	59	104	60	242	230	70	175	98	54	233	203	184	210	112	149	175	235	138	141	148	174	175	127	158	159	173	61	77	76	139	121	82	89	147	100	116	117	119	121	115	56	83	91	151	113	126	174	92	68	134	126	113	33	90	93	52	143	127	153	168	79	89	127
