analyte	S00020367	S00020368	S00020369	S00020370	S00020371	S00020372	S00020373	S00020374	S00020375	S00020376	S00020377	S00020378	S00020379	S00020380	S00020381	S00020382	S00020383	S00020384	S00020385	S00020386	S00020387	S00020388	S00020389	S00020390	S00020391	S00020392	S00020393	S00020394	S00020395	S00020396	S00020397	S00020398	S00020399	S00020400	S00020401	S00020402	S00020403	S00020404	S00020405	S00020406	S00020407	S00020408	S00020409	S00020410	S00020411	S00020412	S00020413	S00020414	S00020415	S00020416	S00020417	S00020418	S00020419	S00020420	S00020421	S00020422	S00020423	S00020424	S00020425	S00020426
ARACHIDONIC ACID (M-H)-	2725087	1624891	1832813	231213	121886	277292	1276098	979968	494891	158092	255566	220400	1018952	2290831	1893261	173400	209933	214816	364186	1257751	571321	158215	165517	105377	783589	532531	779996	164812	114518	155846	1095877	1975447	2290783	222352	192148	131328	1942708	3237494	2740578	71451	174766	62574	1409062	830622	1323311	202670	202661	84617	780634	944845	785460	231773	96454	97870	386350	759411	761122	238426	241823	263071
SUBERIC ACID (M-H)-				11820	9398	18586				6782	17886	9046				9183	8716	11941				10961	13433	10048				12857	12691	13196				8582	4780	6771					14868	1551				5033	8774	9439				7834	11035	19483				8812	15730	8010
PHYTANIC ACID (M-H)-	231752	175139	187747	4003	2209	2544	280915	73692	28023	4411	2502	1634	47563	311350	326848	2497	1988	2135	9766	196656	123434	2588	2059	1507	86372	70365	69206		2261	1980	119326	220083	207160	2472	1722	1573	130383	397018	204643		1897	1011	230927	79589	103387	1705	2179	2093	103824	136282	131706	2198	1894	2199	23000	113684	81587	2606	3462	2907
2-HYDROXY-3-METHYLBUTYRIC ACID (M-H)-	825521	1432654	1010364	55086	34873	31564	580050	903719	694031	9283	28255	16407	655111	625775	375217	18060	12933	14646	642576	640969	641633	23020	24026	23965	936310	1151809	1085672	28712	27713	61413	548567	623555	642726	37486	39400	15014	929040	731121	887624	9093	39239	6859	645539	451021	601532	22059	24687		897186	731019	830927	31473	26608	39345	908383	573743	885669	62778	42039	40405
THEOPHYLLINE (M-H)-	33053	44695	39142	7577	8462	6770	51916	27546		1905	8318			4977	10063					11608					32620	34393	30955	6930	2658	15859	8112	5214	9834										54728	29041	65855	15611	9154	8347			8859				17252	23156		6362		
PANTOTHENIC ACID (M+Cl)-				117407	14321	18690				3528	17162	6621					9140	8517				13614	20726	10526				18250	12422	47977				14284	35981	10618				3337	40640	2343				38355	142676	34554				464546	17177	13827				33388	29624	46721
CIS-11-EICOSENOIC ACID (M-H)-	1216259	1537272	677953	31507	6516	16195	871777	333648	70780	29329	23724	15349	244040	2324946	1717774	17678	20594	19589	27825	1401221	408083	10435	10142	7802	569262	485062	582134	9868	10396	12256	348266	1066548	705793	16579	7512	4825	402674	1495820	551266	3320	8688	2589	1130952	507490	729678	8231	5982	4630	338179	567388	410478	12642	7625	7779	145253	917617	650087	23518	37180	35156
18:0 LYSO-PE (M-H)-	1081084	388724	279672	123702	70711	78115	527451	119792	85759	58778	152283	86712	159137	1113762	1655754	95557	112387	71496	64474	716323	189919	165669	145186	103663	247439	127580	181366	130178	141844	185330	159111	290810	435114	109511	156082	109232	364022	702945	473925	60874	145590	31952	537854	202968	370102	83109	151213	77676	174897	227341	283551	100280	107122	156860	85596	515739	258437	134313	126032	102841
PHENYLALANINE (M-H)-	220640	182007	143618	31587	13476	20338	218840	179370	236779	7783	21446	17071	156763	216359	226198	14628	11494	14369	189662	200081	181995	24649	25593	23550	138975	129444	120479	18397	13376	24822	116326	171571	195680	17912	26240	12964	162282	104469	136412	6074	22511	5016	180491	155145	180912	23372	25542	13213	161494	163834	138820	21028	17867	22249	166494	214638	185264	40204	27923	43912
ERUCIC ACID (M-H)-	30604	34047	21851	16218	7756	11896	21782	20676	11869	15205	16010	9581	16631	28762	30504	9567	10875	10916	6941	29775	20356	7844	7813	6476	21832	20959	28874	7875	7215	8603	17410	18337	15057	12338	8273	8824	18118	29585	18542	2533	8599		20633	18500	25152	7276	8821	6377	18066	20469	21319	10259	10968	7549	16315	25325	29522	10014	13136	11933
CITRAMALIC ACID (M-H)-	153677	92644	99002	29336			110099	76613	164152				68699	128120	128015				97593	110958	58505				75944	100327	81435		14827	25173	138015	123823	220780				193377	174707	324711				123868	83879	107836		41150		84803	111398	80761			7891	73617	93075	44938	14336	27580	
MYRISTIC ACID (M-H)-	223428	248817	272934	18455	35990	38425	189144	219397	127680	31380	41069	26716	200736	674931	299989	45356	27604	34131	109136	353494	150661	27017	30218	34965	275027	217182	220603	37582	34666	24859	203703	399742	237944	31901	27929	29838	225537	307197	212008	29307	30572	24289	395535	367053	603155	37798	25266	28794	200429	219714	202428	17216	31382	32403	139756	209198	173335	33082	26943	30179
TYROSINE (M-H)-	22286	17321	15306	5136	3092	5014	35499	18692	34302	3131	5274		18315	36788	32260	5087		3332	15576	17387	14248	3377	2872	3778	16322	12000	10804		3886	4716	19482	19197	20024		4656	2799	16223	11576	15893	3282	4069	2756	16366	18317	20864	2344	5620	2693	18616	18242	21497	3939	4176	5222	15780	30146	20602	5319	7215	5798
BENZOIC ACID (M-H)-	29247	12706	21505	35196	23537	18016	23438	20576	27312	14563	20999	26896	23353	28536	18597	31589	21939	18185	7644	9449	7645	19727	26934	44553	21201	14566	17475	20042	29392	27941	27882	36377	29069	21515	33110	16737	29063	25649	24002	10154	23866	13495	23081	18409	20991	44845	23550	26722	16272	17399	14153	28936	26851	34075	10832	16558	10807	27575	41770	30761
ADIPIC ACID (M-H)-	13286	8828	18246	16225	23311	18196	21707	20361	19684	15830	7423	18093	35788	28629	30738	19427	21882	16337	27785	16644	12672	21730	23482	22035	8964	12382	10804	23815	15179	17469	14151	10276	12265	21006	15226	17995	30222	24758	17932	3176	18546	2735	29393	32915	34718	17510	20070	20044	13821	12789	17923	16937	18669	22222	24483	2070	18318	17650	20620	2508
HIPPURIC ACID (M-H)-	353596	430986	317210				258196	365802	231894				456364	81365	369830				349462	274508	525772				192521	120200	228755				486527	115726	177615				175162	194096	285370				245802	430848	368459				200887	180266	406663				354544	63596	116172			
STEARIC ACID (M-H)-	5084158	4444078	4612426	997516	639441	744207	3561043	1579450	748746	968542	712648	669844	1056451	5224498	3916894	735883	673221	569673	684372	4387706	1551157	664769	459375	553704	2021739	1506400	1916151	619750	547445	346635	2304428	4650324	3181901	622767	527575	539125	2538047	5336417	3165758	375897	541628	219323	2812540	1499610	2107173	444217	536958	453179	2357468	2792804	2621780	610403	827473	470986	985417	3126179	2211742	493635	1151319	853012
BILIVERDIN (M-H)-	22942	12949	8514					10912	10770				8623	12147	5969				6258	9376	8138				20650	7548	7670				10061	16193	13243				10703	9985	10728				11172	4369	4229				5509	5519					3823	3187	2857			
HEPTADECANOIC ACID (M-H)-	129346	128277	111536	36053	23785	34255	112570	46353	38913	31381	25833	28336	53651	195155	143392	34930	34505	29440	22288	136079	46212	32468	25396	26618	79298	59127	70289	28335	31116	20478	57501	107967	116444	34068	22321	26698	111199	218663	135484	23552	29972	15049	132690	78502	105675	25313	26593	23386	90285	104619	88004	30359	32541	31690	44819	96066	82522	27896	36503	27723
INOSINE 5'-PHOSPHATE (M-H)-				178799	221378	442027				405910	403270	270324				428407	498911	186303				250497	435418	264911				607969	391034	364501				435076	282326	281471				485654	477640	428733				585334	387355	209096				435921	286913	255136				95394	629737	126148
CORTISONE (M+Cl)-	59386	47520	24448	11012	4867	8544	39277	54406	45488	4177	9629	6810	48117	37027	57727	6765	7372	9897	42501	27384	27490	6831	10446	6375	60182	55251	44118	6080	4939	10159	51033	48380	50372	8110	12641	5825	55993	58993	52015	2985	10730	3230	38703	37395	39476	5287	9439	4379	50192	47850	41466	9200	8532	10771	40299	47583	44065	13147	8624	10951
LIGNOCERIC ACID (M-H)-	2578	2820	3684	4419	4336	3362	3333	2849	2567	7038	2659	5255	1836	2827	2147	10448	2631	4277	1728	3025	3693	3899	2834	4174	2835	1980	2102	2387	4123	2176	3343	3396	3714	2547	2268	2420	4353	4511	4013	2737	3984	1771	2926	3128	3962	1728	1387	2570	3580	3556	4111	3305	3335	7335	2223	4040	3034	2034	3545	2028
TRICOSANOIC ACID (M-H)-				3261	3026	4945				4995	3047	2024				7080	2302	3175				2927	2611	2478				2387	2470	2321				6460	1873	2962				1449	2610					2151	1702	1823				3462	2757	4590				2365	3511	1747
HYODEOXYCHOLIC ACID (M-H)-	386938	246909	351114				98036	1827203	434983				604344	169757	171515				1294774	211969	149106				922486	318469	712418				407360	366073	173055				104507	268551	207361				167255	784657	671139				711846	46539	716350				420382	705233	91975			
4-PYRIDOXIC ACID (M-H)-	100094	71537	48675				51254	53365	69547				46933	39089	82696				159402	124718	118349				68757	68520	55904				33229	39875	68306				98991	100336	86419				54382	103305	103324				74620	79851	78899				72553	133393	118646			
NERVONIC ACID (M-H)-	60630	47878	32958	11291	6126	10175	35165	34648	18225	4900	12354	7379	24288	47057	48828	7576	7595	15302	14746	65668	37598	8046	6425	6702	25978	22129	29268	5987	3104	4799	27025	28096	28071	14145	4738	6313	33826	63310	38106	1749	6309	2067	32494	36151	42712	7389	6146	4377	31762	30823	32051	5954	8177	2992	23006	38232	40791	10152	15283	10804
4-HYDROXYBENZOIC ACID (M-H)-		35344		83067	35635	3638	4782	41620		64331	70172	100957	37398			242108	3531	3316				80692	57982	47709		2669	13944	38051	146419	196684		5755		28211	76397	50034				24950	55000	14640				208456	159212	131550				182069	148418	114128	11600		14919	142853	68430	68353
DEHYDROASCORBIC ACID (M-H)-	164371	86231	96678				144731	164391	157483				140415	258807	204962				69457	191803	146839				170157	179826	187257				145918	145504	134289				239775	142328	167128				143958	182007	177702				123179	139058	133408				132862	143932	106248			
5-OXOPROLINE (M-H)-				276319		228323				110413	568309	187039				220372	253636	192205				197853	435393	138130				233615	349347	261191				237813	243773	152222				148821	235790	66246				226915	383762	373584				225837	233038	658617				311603	363281	182006
CITRIC ACID (M-H)-	1573543	2097594	3034337	54728	11571	100890	2401375	2004768	2438919	84397	67218	63771	2136165	2749649	1993569	115165	230410	11826	2744446	2327813	1628697	33422	123967	60647	3257802	2548546	2324768	138226	117271	128037	2973789	7566512	2430942	183354	81139	104947	1929237	2472563	1411860	40815	169081	24919	2261005	2316995	2505619	131700	155222	78985	1463796	1823866	2166415	120897	132060	106372	1969676	1622286	2049349	53457	160400	38464
SUCCINIC ACID (M-H)-	44714	24670	76459	492184	173020	748776	34138	39870	49760	70653	2090499	689680	30237	68224	41732	536153	418452	1472324	33889	28007	49998	939227	1291063	581628	40233	40609	37061	354739	297954	870958	47842	60432	103700	1730861	1182517	1824822	77198	47496	64928	200624	596928	51774	72543	29437	36556	668358	1688510	951173	35096	45548	48359	758044	1851735	1395361	18526	30285	28957	792960	450860	754712
URIDINE (M-H)-	53860	78980	38969		17333		24087	62874	35316	12435	18073	14341	59805	35960	33615	26933	27814	21361	19495	31182	20812	15306		13959	28933	50337	49590	39571	9287	17623	33119	37951	58734		20848	4615	76009	55692	36635	6844	14946	21962	31934	27798	30408	22811	11331	3501	33191	37475	34284	45166	12797	22004	25061	33984	44084	44103	51061	32415
ARACHIDIC ACID (M-H)-	30869	30799	23202	16098	13430	17170	16520	17165	10127	21687	16181	12974	12775	30587	27514	16277	17550	14399	7185	33076	22248	13152	9889	9353	15964	15689	21412	11511	10331	6580	19468	17653	13685	14756	8016	12242	22315	38476	20467	8418	10881	4381	20009	21858	29835	9949	11691	9746	21595	24539	27373	11862	18600	9785	13276	29902	25086	9627	20595	15577
TRANS-ACONITIC ACID (M-H)-	483272	440878	455413			29687	369821	464035	528645		29945	23041	457058	694549	581329	41050	69295	25572	493312	484784	381298	21151	39479	22502	574450	603688	406156	34583	38879	60259	534669	402143	414869	72912	55587	50226	542237	631050	444115	32083	79299		364901	626661	443939	35942	100365	43570	438172	298517	313901	54106	97244	52877	587525	524913	309662	42289	48766	43587
L-TRYPTOPHAN-15N2 [ISTD] (M-H)-	340936	307555	245758	457542	629308	686366	237608	290603	270938	626109	575990	530196	256390	280738	302148	493301	509925	547974	225347	257650	241069	580083	520218	545538	255771	231682	258325	633502	468547	450211	257758	243196	270727	547310	466794	610149	253059	209676	252148	45457	557719	52366	274415	252499	271255	534471	552115	628546	265935	274195	253407	527970	643717	429695	257975	259071	260886	491420	571906	
TRYPTOPHAN (M-H)-	2319558	1973053	1583595				1433320	1370326	1443842				1321526	1267984	1714776				1145098	1221150	1237508				1439945	1154810	1266544				1240198	1262004	1482069				1627368	1119345	1473319				1604729	1373718	1510291				1516337	1451156	1452033				1563909	1817013	1615944			
DOCOSAHEXAENOIC ACID (M-H)-	1232394	766621	787587	25860	15255	31215	566440	577779	204667	15886	29683	12298	629040	1561412	1281859	10659	51671	44693	275693	1082062	391527	26540	23038	12252	751296	602138	854786	33200	16754	19265	673582	1307084	1170288	65075	26547	24782	576749	949286	724662	7883	14319	8102	806668	395131	618024	25273	24343	12637	532778	633730	482142	34599	18771		192639	352293	379061	24755	28542	36785
16:0 LYSO PC (M+HCOO)-	592722	469204	383290	35007	17528	19687	445549	273851	242976	9655	31181	31747	285971	564400	635796	31374	30983	27878	177587	457894	336419	49985	24040	21708	273413	220690	266034	33274	25596	51003	333309	366650	479425	26657	28215	23319	457277	563814	484589	47898	32782		515282	332994	410845	29698	47508	21071	346479	355520	396734	18992	20210	28243	220686	425508	382295	34163	23510	37928
INOSINE (M+Cl)-				185000	15885	44553				38824	121837	147337				36110	141223	145625				109885	78713	114226				594118	67614	127581				75401	93117	11579				53529	145717	94160				268442	114329	7527				61583	134209	121596				357119	515642	176490
INOSINE (M-H)-				352740	32421	93797				109719	211893	283231				140306	755219	293054				214477	76284	110385				412346	135099	296706				148609	195448	72843				134315	268654	245274				462192	204399	58841				467624	140257	148866				510179	866349	522428
GLYCERIC ACID (M-H)-				65320	59962	90791				62319		55986				47892	32289	47837				48187	25247	64946				76838	65304	101717				35355	21856	31531				26556	24385	39511				81954	29663	28938				85254	52612	24038				61781	47555	72610
TRANS-VACCENIC ACID (M-H)-	12544607	13104267	10194983	899015	271105	515912	9837126	9893890	3823097	522267	623362	551747	9411129	10747840	13680651	581276	647597	817764	2831746	13383745	7815125	445730	298349	279166	9694555	9051168	11922591	420246	408835	322672	6915131	10490019	8983869	431268	223922	211223	8965087	5760907	9782497	166695	286515	162108	13346139	10720756	14533480	334889	284892	181534	7992682	9717626	7866707	451735	240890	252413	6890245	10939486	9658997	858923	1455159	1332816
ALPHA-LINOLENIC ACID (M+HCOO)-	146653	104421	239967	43426	55176	65925	174740	205674	154983	96930	48464	55213	181601	117818	65684	57956	75547	78426	85487	123068	221322	54421	27738	38528	362531	285235	430575	65786	59102	19429	244462	147587	109741	75807	26746	64120	205274	153745	180404	76515	43703	49622	224813	279796	364775	52554	47537	61311	239812	234160	228526	55105	62176	30791	228708	234192	294947	35191	85748	55951
AZELAIC ACID (M-H)-	10013	18151	15530	72450	30626	47962	15094	10712	15742	23254	56569	29292	10215	14858	22920	28029	29402	32707	19580	15286	9506	29528	43729	25570	18434	9588	6472	40745	29636	41260	10245	15552	15257	28252	18567	23813	14806	11834	14004	14583	47935	10668	21146	9518	13998	18718	32273	33671	7043	16051	15061	24425	31047	74490	14039	14968	17634	31975	45337	20642
4-NITROPHENOL (M-H)-	53444	50848	43828	102810	96857	98596	46202	60260	52374	86743	88034	99306	48397	48869	56315	112777	89690	90154	38753	48676	42507	92542	93977	93559	49783	49417	49795	94712	92172	96184	49558	48985	51221	85574	97450	93329	51097	45752	49702	17351	95359	19158	52215	46414	52213	83775	92355	88790	54931	58809	48918	98951	96182	91918	45133	53340	48244	84604	169556	89902
CORTICOSTERONE (M+Cl)-	1720		1253						2464					3117	2243				2705						5549	5988						2941	2358				1165		2880				6162	12276	16423				1566											
LAURIC ACID (M-H)-	13478	15478	17262	29608	11741	13307	16969	17249	15156	15904	12185	15674	12635	39213	27136	11153	15067	12639	15666	25638	13409	11315	13634	11577	18291	14906	12613	11000	14677	13828	17433	27441	15446	11052	11583	9900	16686	16823	13070	8119	12064	7709	27747	28585	39940	12957	12084	11463	14826	15036	16000	15577	9595	11083	10791	19374	11493	17315	19193	28230
N-ACETYL-L-ALANINE (M-H)-				47711	2394	33473					30646	23823				18912	19885	31698				29374	35687	23987				21160	18099	41479				37451	36966	17142				6570	35550					24459	36659	13456				24169	28728	31345				62525	42465	59422
PALMITIC ACID (M-H)-	4837852	6129641	5143043	494840	403333	448751	3989568	4626574	1981699	471309	375400	407434	3821359	7249501	4224329	504945	406920	442334	1404207	5626322	3691839	455956	291840	369428	5860097	5308586	6060844	390090	418410	254034	4113903	5981434	3855827	408083	306328	336157	4275101	5563413	4080469	222377	352360	165442	6109468	5741273	7544876	317866	335613	369289	4653388	4952145	4344823	401983	446982	304516	3673722	5630343	5285243	354129	805845	666143
RETINOIC ACID (M-H)-				2059	1968	2298				1214	1539	2059				2960	1837	1508				2543	1854	1529				1684	1393	2630				2169	1306	2150	1079			1198	2395					2246	2204	1105		1175	16423	2151	4494		30274		25061	1863	13643	4583
METHYLMALONIC ACID (M-H)-	71231	38408	42206				51736	53553	47847				23676	37265	49065				63820	40969	46574				42163	40486	32204				22447	20361	58447				46212	43791	47426				53144	29951	38302				29931	32124	29559				34425	60777	44883			
EPIBRASSINOLIDE [ISTD] (M+HCOO)-	2887242	2790420	2302845				2437111	2692100	2445340				2368696	2868915	3384599				2104331	2794218	2331319				2413945	2340974	2121007				2341048	2265915	2743383				2314985	2172341	2383012				2494494	2267958	2339524				2238990	2446939	2326204				2048562	2463362	2186699			
MANDELIC ACID #2 (M-H)-				2970016	2347213	29637				2764643	1169133	3206514				5448923	91414	28080				2260625	1363682	1737236				1302814	4686496	7341431				1549377	1913353	2288334				2204551	2104589	924181				6562577	3879082	3866927				6578528	4977489	4153598				4810440	1207886	958192
ZEATIN [ISTD] (M+Cl)-	45400	52814	69414	273056	268066	275319	81825	38010	63049	218254	273072	235137	64175	28313	44095	261490	226733	244768	45244	63776	78280	252567	273074	254890	94245	91653	85153	275459	239094	277034	74514	85673	76818	225187	273247	236833	87334	73465	86012	44082	265681	41472	83268	80982	81362	260661	271202	235141	75639	80496	79460	271931	281095	265689	75588	86153	77619	289054	277313	269207
URIC ACID (M-H)-	416195	435271	329998	3322		66548	310655	381108	350689	6179	49956	1561	245191	465718	79104		18117	14317	392787	345024	365250	7102	4105		342679	362105	580209	25593		2426	328855	335057	175054	55895		36182	460925	346193	448846	2428	40697	3949	652289	298379	321264	2982	70123		170790	366907	616079	5156	33415	4363	470904	338881	555399	29106	161198	92887
MALIC ACID (M-H)-	41316	76587	134144	3694590	2053395	3571867	84691	111445	92551		5606759		97912	109230	79229	4624656	3481045	3782119	73618	73006	55004	3659362	4950633	3478193	48135	41333	38991	3436212		5000190	2815	19198	110881	4175320	6873080	5133750	118246	86630	126630	2700955	4228892	1023269	80415	63781	59279	1474498	5069757		39569	31485	63751	4303383	6165194	5683201	80669	73157	72482	4246727	4021274	3598279
PALMITOLEIC ACID (M-H)-	1142074	917309	748804	69366	33400	49688	1207121	1224811	388560	45931	48275	63001	1712533	2914707	1794147	110975	54204	69990	342567	1714010	738094	45398	58357	42691	1219511	1246685	1614233	47625	75676	58635	583217	990271	993909	36014	43096	30780	1160587	1780538	1171934	23423	44853	21068	2374151	1445905	2627138	36757	36623	34478	389046	571083	337337	38031	30728	45342	636332	1027822	828421	78155	96641	80443
L-[15N]ANTHRANILIC ACID [ISTD] (M-H)-	126825	110865	118990	580844	660628	663335	75041	77423	85333	607704	633274	615311	118309	193043	165336	515212	567615	572016	160578	184281	173653	621615	638432	625355	151950	150682	136415	655288	557140	170140	119690	131950	130543	605331	615315	611473	86254	96637	104239	124092	655684	131391	107315	121979	130774	187678	624668	636251	105438	124767	98033	107446	635975	581270	150528	120572	143858	601600	618611	609323
GLUCOSE (M+Cl)-			140681				841053		879857				88045		59405				94800	709688	121783				938635	845001	819639				126603	115845	776512				99968	117892	139883				111514	1122791					1114952							137579				
OLEOYL-GLYCEROL (M+HCOO)-	14221	5994	14024	26645	14332	25804	35275	10692	7321	17646	53041	33660	6247	31100	27705	26424	32327	31316	4188	17559	7992	17583	16704	17359	26515	10383	18095	24893	20471	15278	12123	18109	23098	26331	14427	16840	23697	43068	26157	10937	16721	9327	22852	9046	18482	19241	19402	9808	7955	9041	11155	23863	21800	14772	6812	23896	13872	38676	63373	51686
TRICARBALLYLIC ACID (M-H)-[-H2O]				373130	55621	56224				60801	12748	16355				22915	155598	84210				43584	38827	173453				174408	238414	358984				109779	17530	40463				17038	161519	40273				587615	212558	148047				235714	23314	116143				181408	27692	620906
PANTOTHENIC ACID (M-H)-	31901	14680	10831	880139	130677	148803	7984	9344	4952	31889	137191	58846	9371	7568	4119	40317	77807	66453	9588	9588	6672	124653	160102	92874	14824	15645	14341	142426	108878	336314	6445	8356	2788	109593	248345	92245	13529			34739	283316	25509	11130	13792	13816	269729	1136244	276609	6855	9017	7548	6064292	135860	111801	14426	17334	17726	235008	211760	353767
LINOLEIC ACID (M-H)-	5859996	5695904	4709643	584738	437323	574383	3812664	4745248	1812971	593217	398846	620192	4746734	8781470	6086212	537769	584229	653827	1852860	6034445	3224000	826877	345723	434530	3778788	3129137	4213442	452327	465597	432796	2450068	4138439	3373653	501044	393191	483401	3617252	5008057	3615632	447145	373441	553612	6023502	4620397	7254220	494499	496874	477317	3220952	3990262	3370290	553499	432971	417835	2504900	4102491	3559739	543984	702179	670206
IBUPROFEN CARBOXYLIC ACID (M-H)-								210708						657107												1282																																		
URSODIOL (M+HCOO)-	21834	16617	12953				6516	2616	4594				23610	145289	97945				12818	34484	13962				25223	17304	2898				57836	2748	8484				33662	18958	16568				39344	84720	19749				7841	32569	4243				6561	106020	13671			
URIDINE (M+Cl)-	1418683	1112740	973303	312967	177191	234522	602583	917543	796050	169141	186509	140281	768896	793760	791821	296767	323329	243293	406365	581786	515290	183195	167086	172621	686880	520371	776618	431245	85550	178991	746787	1000893	762845	114237	223337	51981	1101377	793604	983310	84044	127933	164043	873426	663101	780871	175456	109260	64265	883393	944637	966337	434681	131626	243869	778750	948727	1300363	365707	441579	363813
ALPHA-HYDROXYISOBUTYRIC ACID (M-H)-	279013	309247	243323	31551		27377	213291	382132	197178		24101	16102	332406	233521	161350	27552	12833	15549	212991	52680	213885	19329	19604	21766	336258	327579	334415	23680	18155	46865	262432	211724	290269	24995	38195	14917	501912	426299	478838		37175		217399	195204	173102	16687	17961	13264	251737	277659	179344	23019	19854	20393	388039	359854	407875	45506	29212	52079
MYRISTOLEIC ACID (M-H)-	21115	27650	32044				33502	57105	34538				78362	57119	41600				28277	34542	31822				52456	56107	55795				24108	32334	22098				39620	37631	33627				66093	74965	99480				22384	19424	15796				31147	31120	26803			
SALICYLATE #2 (M-H)-	48144	35649	102739	13952		12303	21083	28422	38277	10870	8264	13325	50244	56045	159996	10651	9965	12930	9911	12628	12405	6993		9149	67230	23772	29308	9854	10180	8862	21812	59687	28318	7516	10469	10341	17667	19905	17092		10444		58397	173713	195360	9176	8797	9593	22498	30839	20534		7524	12388	21921	41570	21374	10831	13817	7520
CORTISOL (M+Cl)-	145051	75218	82075				144534	128924	165202				135851	152212	180741				161470	93921	60367				292358	298714	153301				80199	149359	145298				144739	136408	181684				204596	183360	211483				136372	129177	69577				111168	155909	110578			
CORTISOL (M+HCOO)-				16729	5493	5586				4366	20439	8146				12547	12761	14327				5895	12874	10529				9844	10642	19793				7532	23572	4705				3884	19438	3595				6859	10751	4333				10010	5868	13603				23593	11484	19049
BEHENIC ACID (M-H)-	12669	10457	8398	15790	10216	14991	9831	8998	6272	17628	15237	13400	5486	13240	10837	18526	14238	11086	4398	13564	10134	11652	10644	9538	8329	6061	7296	10491	8826	10229	11127	12517	10760	12084	8973	12475	12320	19857	10897	4962	13415	2287	11610	10237	12999	11625	11239	8007	8860	9639	10108	13070	15304		6707	13974	11228	13963	17608	15233
CHOLIC ACID (M-H)-	4853	1406							4216				3910	53579	107073				1686	4224	1967				2213						32159	1639	1907				5606		8470				74043	34372	14840				2849	43649	3113				2622	102216	6762			
2-DEOXY-D-GLUCOSE (M+Cl)-	88928	90284	127998	9823	22526	17307	110539	102905	116946	10683	3159	13567	90628	130734	9610	5376		11787	142234	178479	114915	11852	14477	25848	83603	77965	95601	8019	8119	16771	92354	78362	84168	8687		7051	28041		17815	12143		15115	110342	103835	95822	10540	3954	7614	107954	37246	122616	17966	8136	9920	135412	136841	78786	12606	4888	9511
IBUPROFEN (M-H)-								352336						332576												2260	3650																																	
PHTHALIC ACID (M-H)-	24436	25989	29854	13609	8008	11565	25702	27250	28647	11335	12543	16106	25550	23163	47422	11880	10618	10998	31083	42949	33635	11767	13364	10048	22581	17054	17297	15583	17682	15638	25599	20395	19856	12373	11744	10948	19014	21807	34599	2174	13076		29318	27551	25034	10498	10992	10720	28931	32294	40515	13976	11733	12661	24263		17250	11659	13202	10047
PYRUVIC ACID (M-H)-				78472	79497	34489				18109	15658	47692				89402	32326	27078				26556	12723	59087				63797	68947	82796				41354	17391	20515					28542					90856	38433	21961				63385	34128	20948				58895	50066	42307
3-HYDROXY-3-METHYLGLUTARIC ACID (M-H)-	97709	82718	117092	14614			91036	126649	116797		6994		135416	47845			8793	5391	108949	98600	78023	2756	4632		89194	127700	123507	9685		15263	86072	114444	108481	11765	12743		74967	138757	123026		8981		156025	139551	127807		11509		117520	98325	74979				86432	101646	115017	17940	17612	18906
ISOCITRIC ACID (M-H)-	306574	331796	415380	19200	12655	22172	384751	240203	467459	28405	29493	19023	445301	588710	194568	60371	72324	47481	180489	451285	296648	57022	29666	28749	568861	573432		30297	32103	23218		533743	479810	40275	14434	27085	453984	410632	331686		32837	5291	463186	549050	490304	31414	30572	22274	258313		354037	23142	21414	27049	157740	165776	328167	42532	39783	9468
3-(4-HYDROXYPHENYL)LACTIC ACID (M-H)-	367449	34518	213760	12440	7414	9140	49724	56696	61340	5083	19994	7834	48186	58040	59306	7600	11576	9569	29561	40371	36566	11878	14659	11550	40557	34753	122103	13246	8403	19384	28269	26580	36954	19915	28754	11960	260675	26965	37344		13132	1747	16326	21107	144549	7168	15206	8507	28696	37654	34628	12385	18488	16889	24734		30928	25372	18011	20301
OXALOACETIC ACID (M-H)-[-H2O]	3944	17386	14846				3655	5017	3587				4147	19052					4043	10957	13887				3551	3806					3779	2811	4178				2801	2498	6597				3273	4723	3222				4355	3218					4639	23789	3519			
GLUCONIC ACID (M-H)-				21994		24254				11522						86753		12258				17887		14641				24947	23036	21948										37732		53152				18362	13343					27992								17076
3-METHYLXANTHINE (M-H)-																																														4465												7745		
CARNOSINE (M-H)-				46187	200878	100276				57135	42204	67727				57018	114187	35027				43155	58416	45730				41619	55173	8950				43304	10354	43047				222894	29687	242009				35455	32021	39620				31334	32662	23908				34356	152486	43734
ALPHA-KETO-GLUTARIC ACID (M-H)-				350365						48304	90816						656323	324427				217553	257630	441689										270744	392854	44833				550161	905736	607525				817923	916883	707143					387377	479243				267426	299790	606842
2-OXOADIPIC ACID (M-H)-				61393													4982					3999		2542				12694		10255				3286													2888					21796								30658
5'-METHYLTHIOADENOSINE (M+Cl)-				4287	3849	2841				2239	4549	1930				3234	4895	2464				3477	5475	3099				5301	4873	6523				3109	5688	4091					8007					5840	6908	2555				4884	3417	3163				4955	4959	3876
DEOXYURIDINE (M+Cl)-	67680	61018	40660				39027	39692	26606				38888	47216	52910				32414	37695	37457				45858	34651	40807				47949	49582	52858				42040	40130	38418				49860	38226	56035				49917	53758	58888				45164	55607	58354			
GLUTATHIONE (OXIDIZED) (M-H)-				75717	36614	66148				61639	104229	66573				86509	120902	82266				110119	182268	56075				96198	93031	229356				69769	152731	55175					178863					99199	185275	92556				68000	87353	76392				127517	63938	102843
FUMARIC ACID (2M-H)-				59876		34650				4346	55727	31934					39877	11068				47693	38227	54108				40072	42742	16226				50023	63387	82752				28495	77300	10126				50547	68031	59056				57226	76377	67724				36483	50255	
MALEIC ACID (M-H)-				164622		101858				108561	336426	277434					152588	115865				398465	209473	467506				148799	399693	163345				219029	310711	211572				211139	316505	123768				130530	302525	360820				498866	287316	196768				160868	268804	143449
3-DEHYDROSHIKIMIC ACID (M-H)-																	82092	2518																50465						25412	174615	17337				138197	185066	87029						11780						54099
NAD (M-H)-				1781	2287	1973				2966	3932					1510						1402	4930	1870				2991	3901	7505				2913	10681	5948				4659	5155					2480	7592	4171					2817	3650				3435		
MALIC ACID (M-H)+[-H2O]				271098	136153	195405					314202					349903		243997				235999	278838	206621				223862		287784				272422	290989	265055				214708	275756	79618					304425	224680					404862	565319				321403	237903	224733
FUMARIC ACID (M-H)-				387031	139827	204280				108565	415398	277330				265608	306777	233227				398510	323860	467944				384068	396816	346362				256978	343470	354918				210983	373846	123987				421025	480235	470052				499429	465347	338620				284146	450928	322489
CREATINE (M-H)-				6182	40407	43280				33700	9546	35433				25866	23234	41762				34172	5361	33765				6139	26285	26896				11434	24941	48698				70804	18389	64020				25985	22755	43872				6007	4603	27873				21881	25140	24866
PHOSPHOCREATINE (M-H)-										8810																			3856											12461																				
CIS-7,10,13,16-DOCOSATETRAENOIC ACID (M+HCOO)-				6841	2679	5200				11995	5728	4726				5957	7733	6908				3843	1736	3267				4230	4716	1253				6684	1834	3463					2830					4353	2916	3171				4404	3101	2376				4965	8395	7218
THYMINE-D4(METHYL-D3,6-D1) [ISTD] (M-H)-					997648	903708				849020	808246	859703				852315		771839				784902	812467	842987				754202	799053						785865	860288				205249	792454	220471						857547				792686	852168	823968				712840	724758	687393
2,4-DIHYDROXYPTERIDINE (M-H)-													1405						18634	7986	19645				34118	33595	34967				32799	23363	26715				20556						4289						21874	3009	1946				1428		14973			
ISO-BUTYRYLCARNITINE (*) (M+H)+	324181	277211	281040	2214872	1100397	825906	394835	359403	685454	758593	4053654	1325287	382328	202261	282812	701728	618262	1440079	221852	342844	484322	1231635	1898388	879555	351925	348816	218277	468234	727389	1575981	501778	431122	462925	374152	3152573	669762	712851	445459	566286	1950167	784408	1339305	576988	444332	303119	1490410	1312840		131335	472188	692655	512779	1402336	1850064	348118	631964	519992	2636990	1313504	1630837
DESMOSTEROL (M+H)+[-H2O]	17438	14397	25631		3152	4058	22549	12588	16645	2806	4178	8157	7134	14801	12716			1659	13534	15007	17576		1987	5091	10765	7988	16471		3340	5315	7718	19461	19287	6648	4349		29774	24559	30220	2308	6153	9275	16286	20088	19131				26845	23865	23894			3189	30175	29333	19584			8224
VALINE (M+H)+	5143751	4911240	5439150	3193412	2146028	2363117	5115045	4506178	5146000	1065256	2039500	1892579	4637977	4501807	4275888	1799943	1780798	1866818	4606517	4368672	4705776	2097566	2038888	1955051	4317791	4316652	4284972	1993921	1833830	2637698	4754956	6617360	5181359	2486361	2533853	1795716	4678474	5328282	4697998	3133005	2366152	2359598	4608149	4387357	4559505	1891943	2010376	1664237	5174062	5364487	5345922	2333526	2187104	2394233	5328870	7114069	5133728	4078283	3817369	5192694
CORTISOL (M+H)+	205364	100583	159333				286246	177341	284884				250884	198896	203913				292672	138097	138516				518680	520715	308927				137288	278345	235444				263739	246009	357523				383492	359191	435290				279265	253323	138270				236053	329724	193989			
LEUCINE (M+H)+	70504296	63673296	73960832	29291524	18905788	20549616	75641112	58572668	27439310	9418135	16774914	15893527	62129308	62435648	25805464	5714255	13855525	14646472	66635260	60885744	65155760	16668682	17637488	17127828	62398000	61358320	61081308	17081794	14934086	21720436	61427424	73093296	72610064	19377816	21833532	15016695	74325536	66971736	70821024	26706780	19103736	19759332	71523824	64202728	67369440	19082340	18944366	14197315	81038272	78360720	78420528	22468548	20228960	21065596	73072208	88815200	71767632	32974384	29335500	40901328
INOSINE 5'-PHOSPHATE (M+H)+				6839313	5960027	5128104				4202014	5739523	2875400				4849549	6887411	5270297				3872543	4350648	3420138				6466594	4564891	4673370				5133947	3534487	3538375				7534005	5935065	7091665				6334725	4552842	2282737				5462849	3614103	3014874				6577932	7932552	7337486
ISOVALERYLCARNITINE (*) (M+H)+	328372	295446	309428	281457	468290	324821	649439	332202	493533	26370	91026	83594	229706	173494	218683	58114	44252	30254	292169	387566	502828	85797	55909	47980	452162	368852	395804	120587	65712	91153	559430	457638	389335	231106	141553	56041	888669	482539	517171	163936	408158	190092	421476	284312	311394	1223960	192675	221589	1092264	900234	639703	2475834	1837845	832010	521370	716148	507734	167895	91975	294752
CARNOSINE (M+Na)+				90523	119098	123650				86090	65722	87650				81952	96212					78530	68478	65710				108643	120894	106883				44459		76853				98111	83247	143272				51382	58962	57104				94701	93964	69603				109896	104231	97883
OCTENOYLCARNITINE (*) M+	56752	28968	59921	464496	331999	203933	270934	110168	62426	53315	193184	105857	133293	79643	80694	130235	304335	135512	47428	59567	95157	118496	110169	92267	88838	103949	117835	105662	111105	226361	68716	67681	58677	94625	93512	42770	163054	73832	116970	208384	114854	96292	360829	121621	214676	190560	211838	84843	187804	220179	118594	154648	178431	152307	49903	85157	84165	209646	152644	192534
DEHYDROEPIANDROSTERONE SULFATE M+[-HSO4]	250374	195460	248759				90858	77544					240179	154543	167759				138664	117689	133664				210460	200351	249085				211003	248508	268057				489498	384242	441854				276945	247173	291645				242952		219441				233079	245866				
THYROXINE (M+H)+	56990	56853	64936				68259	59886	68647				119857	69564	71527				75750	61455	84816				94258	95470	102852				56882	71229	69157				77470	66105	76806				86694	59086	67101				75626	65371	72820				76387	84582	62695			
METHYL BETA-D-GALACTOSIDE (M+Na)+							4174	7943					21301	8049	9044				8324		13981				10762	27495	17470				4291	4513	4487					7238	4851				11885	17034	14410				31940	7661	8706					7714	8991			
INOSINE 5'-PHOSPHATE (M+Na)+				142320	98591	104184				89513	111986	64333				57664	114616	68988				85773	93239	73385				107324	91587	92961				63604	89284	76874				122356	100727	148476				87086	101432	43071				115668	76452	63056				136214	132172	88881
GLUCOSE (M+Na)+	375445	716325	385838				685709	833418	293294				355955	463307	358845				338795	337523	474248				386410	940294	1072296				283483	343725	467440				312312	558442	445267				438820	348745	524857				442157	480044	337900				498767	571580	780724			
OCTANOYLCARNITINE (*) (M+H)+	65832	128539	129280				159501	287628	201724				183147	187970	92305				35127	110451	164742				337847	319682	330479				114183	155532	205943				306382	164462	277525				250198	330756	428732				336885	323023	262121				167824	185542	185127			
URIDINE (M+Na)+							1376							11414	9876				8827	6600	17361				14619	14165					3580	18312	29156					12806					28370		29611					16354						33009	15376			
CITRIC ACID (M+Na)+	205057	171797	190693				162484	216704	148100				186018	217289	215139				186618	218546	181839				233186	264827	218960				176028	224698	205600				276194	176035	223011				214584		214993				182703	174520	142494				153883	175529	120066			
URIC ACID (M+H)+	1334283	895426	1470095				1387010	1328754	1932538				1114816	994532	933590				1266853	1145987	1331012				1510439	1441977	2048389				953838	978315	1059979				1873545	1516382	1741052				1049965	986415	1052581				1644672	1487527	1549590				1755346	1901210	1589805			
1-METHYLADENOSINE (M+H)+	135522	115134	119511				123399	97946	105305				97652	81580	94978				194721	148486	169293				85976	84375	83663				63465	74228	71604				135601	105058	104451				86907	66771	82884				92922	93354	100218				122156	122905	86868			
CHOLESTEROL (M+H)+[-H2O]	91818	144959	243870	528305	431173	433879	414825	112591	207286	434942	335516	679699	49733	82599	101578	522224	385215	460855	58109	106639	200567	435869	418771	478324	59015	63943	75753	448733	578289	224939	79076	132557	181775	327966	306227	372683	148195	60919	170074	503066	351275	466122	115936	137329	158914	355532	279254	398534	192907	141401	213611	608020	403622	786589	237058	166702	134313	538592	573594	333676
16:0 LYSO PC (M+H)+	4916283	3087109	3080103	365475	103317	115875	2714395	3228202	4298494	71930	188036	276045	5782490	4076558	3425751	170427	130014	195965	6497611	3280775	3253319	142006	135308	97763	2612262	2408396	2798868	201512	340158	587164	3205206	3750892	4427921	234543	228470	142019	4527801	5842452	5468834	419173	360949	173084	4577627	3735615	3823216	265009	465052		3696261	3774198	3652187	192988	149687	288481	3176410	4039214	3009013	383078	243113	398187
AZELAIC ACID (M+Na)+				300902	118577	163844				83591	232017	112417				101436	121173	116694				125627	149717	108927				134297	125390	153778				104154	71527	75778				81167	171639	84312				60871	114010					94811	111330	262641				127611	154339	68778
ZEATIN [ISTD] (M+H)+	888830	945455	1054051	2565031	2666243	2453615	1101431	1019666	1090334	2660794	2575421	2607199	1052323	970973	1010952	2692448	2549835	2612372	1016078	1014263	1042429	2197216	2186974	2664168	955501	946984	967636	2346820	2539030	2583334	886924	982340	1052370	2667593	2501774	2622321	951409	874685	930612	2558234	2518347	2578692	942130	957504	937011	2625814	2515613	2588791	971643	915880	967374	2674726	2691816	2570120	895276	980867	869854	2660310	2712418	2985973
CORTISONE (M+H)+	46188	38029	28483				46948	42039	45419				55632	29195	37433				43201	25428	40959				63996	61174	54949				49025	56171	49237				64276	61349	67605				45940	40826	49042				62975	59415	50680				50510	58006	47949			
THEOBROMINE (M+H)+	190183	311906	338173		26009		530305	288134	331087				151646		93247				87444	96105	94595				577922	495655	338825			56468	555631	468568	245893	46613	48462		67638	166905					1748362	484276	1759701	133474	54791		67513		143576		41014		801303	590310	109468	146996	66351	
EICOSANOYLCARNITINE (*) (M+H)+				24614	54257	36583					90846					33263		47607				39922	65444	96691						80304				216988	123151	73039				123844	77817	95265				135256	111226	65217				47265	193795	50800				76598		58526
L-ARGININE (M+Na)+	16602	19198	21368				23932	14356	20740				20129	24719	19088				17943	22203	23185				22144	24851	23491				29065	22977	27959				19824	17664	27117				28417	21099	22289				29340	25439	28727				17974	25768	20445			
KYNURENINE (M+H)+	849994	985235	976593		61209	66528	1752495	1420544	1613944	58293	144426		1083724	842058	1006567	80465			1287539	1132166	1666836	120230	146717		893604	806505	875458		72685	130698	572887	657385	701444	75506		65019	1109304	914333	1047496				891433	800128	848085		152441	69693	1041277	993940	974378	83236		106996	1105264	1230475	1030799	181597	149408	251699
BIS(2-ETHYLHEXYL)PHTHALIC ACID (M+Na)+	1651272	2626583	2139885	106929	1037123	621515	2039091	1978498	2119486	688643	459509	247878	2131608	2602324	1584853	704605	924786	383032	3208013	1603445	1650374	980625	317236	857614	1265809	1806275	2555284	157454		468147	1467321	1747025	861532	1557100	613754	897820	3363711	2663487	1482694	81221	211871	909233	1486384	1797297	1754557	797503	739888	1544086	569726	1681499	2389070	117592	1453751	46372	3631687	1980406	2489110	45202	50612	519999
OLEIC ACID (M+Na)+	4054		14070				13568	7434					4099	8702						8067	13282				5874	20025					4937	26240											8924	13757					29177		23634				17161	7489				
FLUCYTOSINE (M+H)+				317510	629841	267514					741381	363654				548428	829092	738598				587293	270604	373655				401220	506682	298104				772795	471234	202749				484077	603585	419885				285556	537861					509958	371862	432210					451926	
DEHYDROEPIANDROSTERONE (M+H)+	25555	19550	27461																																		19167	18187	19121										19905	17524	20897				8478	11851	8172			
PANTOTHENIC ACID (M+H)+	248403	135048	137820	3633560	1024139	942133	124493	101407	115266	281459	942751	464257	117230	59827	81312	330597	678036	556540	142132	107586	116906	737943	887696	710243	149792	171565	177921	814283	858706	1936040	85765	109919	120037	900176	1479625	726873	189107	174991	190620	1654966	1653739	1140276	125254	211374	203054	1549195	4005295	1876077	98480	89382	105652	11518964	974779	750318	141259	173075	162213	1500610	1351482	2293510
NAPROXEN (M+H)+		14307						13111	1816881				692423			6209											14571																												17554		9838			
DODECENOYLCARNITINE (*) II M+		21581		56055	39809	36693	40035	86980	43846	25030	144748	23210	107821	88034		146902	63443	80729	7350	36441	61389	60817	147060	237563	101829	129307	184941	101974	61408	122738			45227	132242	265525	63593	76895	45500	71361	108337	63723	237472	107334	171968	228568	160468	154689		57054	55266	30679	40018	51927	81809	56252	50113	58879	183871	69045	69846
CORTISOL (M+Na)+					7159	9930					17742	11235				18741	11647	23916					13908	14036				9618	9340	9674				14246	18698					7705		24354				10380	17025	35778				9643	8145					14557	5237	34730
NICOTINAMIDE (M+H)+				15554041	8881959	11198815				4340010	10249723	7673741				8104084	12057296	12280637				8702017	9921383	9473086				10176548	7610437	10419069				13026926	10711403	10081773				15705971	10535492	13242328				11631047	10598515	7246899				12050320	11651182	8543238				16711706	15629669	20252988
TYROSINE (M+H)+	8000678	7841961	9029658	2361446	1471577	1525369	16186154	9733320	15254057	1100848	1215124	1862793	11264291	9589983	11674659	1818644	1652942	1828304	8593169	8075284	7813375	1535813	1530506	1589014	7403942	6562236	7506036	720276	1232645	1692390	7670950	10040011	10018818	1772710	1858008	1314508	9018724	7369541	8952981	2048210	1661381	1680089	9630267	9825402	11689175	1623174	1880697	1769056	10392853	9456912	10371560	1722826	1568350	1718257	10149599	12852362	8609862	2879844	2401950	3584276
IBUPROFEN CARBOXYLIC ACID (M+Na)+								1932189	2830					4226911											20725	19911	22899																16380		1469										9318					
OLEAMIDE (M+H)+	97939	104415	80803	138264	71488	66303	81446	245614	126373	138039	63303	147057	157086	96862	65681	77592	58028	59607	118304	80396	107366	45190	54652	76509	76669	80560	105292	41279	70026	65114	89443	120248	100399	84693	189732	65923	66637	116491	77911	186575	62837	66475	100190	105125	92741	194317	77179		92206	111981	84792	83250	94341	46449	106307	98955	95052	39961	170309	
BILIVERDIN (M+H)+	531039	267764	291433				268890	280577	348934				277187	289942	100611				326193	294985	355745				664029	248603	257979				290427	539473	356247				369380	314011	387621				365655	126358	144636				192683	190713	117079				114807	128351	106334			
ADIPIC ACID (M+Na)+					21867	27064				15721	27243					26495	13767	22784				29785	20950	62762					36438							10358				72870							11844	42034						60609					63737	30391
DIPALMITOYL-GLYCEROL (M+Na)+	5859	6283	11335	529798	432298	407690	13126	3394	10194	299533	594591	338029		8720	8704	385136	548578	608719	4802	7461	15134	328470	605620	447682	49074	37207	35650	508649	381059	762496	15881	16773	23801	715673	663075	509158	50618	37207	33838	564488	479428	523642	9609	12570	17901	396600	513593	218815	19950	8923	19328	344291	476387	366515	22342	22078	12152	1048027	905226	541832
TETRADECENOYLCARNITINE (*) M+				731631	392170	426355				204121	2244708	378877				730467	976178	1214875				575862	1854950	1170139				958183	1024276	2274099				1191153	1807949	905302				1084047	1211167	1140858				1151450	2439037	1233179				320584	606819	655533				2673653	1292186	1907637
SN-GLYCERO-3-PHOSPHOCHOLINE (M+H)+				287048	1243748	1077691				1644567	1704528	1250927										1422552	1461698	1421905				1369543	1140356	1671928				785841		126528				857739	2686065	1572520				938389	1079490	419770				867853	2676420	888245				712248	639456	3871908
ORNITHINE (M+H)+	12808	10972	12390				20718	13415	19582				9578	12260	14580				13201	13934	13047					7954	7541				11291	7550	9296				11218	9412	9736				9268	9169	9169				15619	16236	11548				14157	17647	15022			
TRYPTOPHAN (M+Na)+	234564	192514	213536				190761	126323	172375				171182	132442	146883				184638	139818	170664				151083	146277	162029				128672	171202	155552				187166	169190	199610				211972	172769	211651				192734	191798	174657				175289	211283	155079			
PROLINE (M+H)+				2291615	2158594	2408384				1882323	2148748	2211914				1607455	1768709	2410583				1857328	2008087	1710103				1389611	1063577	1198019				1920667	949005	1003027				2499666	1674827	1838269				1372711	1448340	1582365				1938421	2008164	1776939				3296152	3258703	3264752
LYSINE (M+Na)+	11641	10505	10936				14636	9120	12356				11581	11355	11600				12240	11991	11690					10158	9145				11842	9758	10170				10418	9373	9651				10741	8569	8068				11690	11765	10736				13325	14621	13162			
DIPALMITOYL-GLYCEROL (M+H)+[-H2O]	7022	3489	7322	83628	31978	35789	6627			19661	38928	40029	4260		6472	126243	83145	47196	7303	5723	13235	54901	40649	111089	40628	28823	27050	44906	41560	122348	12467	15270	17127	52966	56746	73332	35865	40597	23873	135908	37911	43467	11118	10184	14456	122064	119478	46051	13400	6127	12183	104183	34762	37180	17166	21611	11025	107524	72324	79865
S-ADENOSYL-L-HOMOCYSTEINE (M+H)+				2246	3938					6951	12788	13601				11214		28905				8301	9670	14740											10311	9296						7412					10096					4013		3794						5443
OLEOYL-GLYCEROL (M+H)+	30299	33756	24137	9943	20077	15152	26886	26674	33601	24738	37138	16096	23759	30229	22779	15719	23716	17180	37588	19572	20361	6537	27156	14034	37473	35355	49176	7344	11437	13117	22633	31961	36589	15377	6080		44938	69041	40630	8222	4524	16834	26950	20136	21785	12137	23915	93311	21153	20151	20675	8155	16942	4432	30103	36113	21388	8944	20311	43047
1-AMINOCYCLOPROPANE-1-CARBOXYLIC ACID (M+H)+		21951					67817	20134	43390				29408	22534	14080				17070		11842					15360	50038				17277	52999	39998				22429	32588	49651				23424	2997	16245											16096				
L-TRYPTOPHAN-15N2 [ISTD] (M+H)+	8957557	8690105	9232331	22325076	25074774	22889588	10172379	9566310	10151203	25058982	24337702	23412004	10271787	9330879	8983507	24904968	24312384	24930096	9600136	9381538	10702168	21261246	20938616	25023976	9568471	9784149	10348557	22350070	22760634	22119418	9564922	10113266	9931249	24180522	22679032	24737980	9713308	9299355	10268415	21409598	23183682	23628184	10307233	10041438	10511555	22332576	24063758		10541733	10300932	10075035	22872116	23983852	20182496	9808060	9795021	8923962	23041034	24743428	26375000
N-CYCLOHEXYLFORMAMIDE (M+H)+				218295		133121				194460	375402	207864				144996	164010	79327				257253	26203	69937				403921	351463	233518				63432	42102	461017				292462	303990	109311				49021	418085	90955				135034	45698	265586				585539	110134	127384
TRYPTOPHAN (M+H)+	29214504	27366172	30161156				29465234	20270138	25921362				24395144	18741874	23616490				23870124	20069748	25935052				25173370	22726020	23909348				21336504	24778852	25379470				30293352	24529032	28809896				29062704	26282356	28015896				28811052	25504864	27472392				29105818	34045404	26379772			
GLYCEROL MYRISTATE (M+Na)+		32042		40162	55302	63565	129203			64178	73740	51342		23383	28838	61596	74983	54413	74519	181659	215600	39316	82454	57930	37047	167581	178197	43643	42841	54197	306239	192602	185069	41777	40008	64025	247787	196912	124585	32994	27152	51153	256682	150093	107034	44367	42284	204767	246341	332567	133520	57976	51604	39027	144746	36596	26502	45921	58751	56639
PROPIONYLCARNITINE (*) (M+H)+		56158	8910	1756129	657920	577354	285248	226758	234098	269098	696684	665874	266576	36279	122254	483169	628150	867727		144172	126468	846473	565381	696153	416975	417873	423744	487973	468440	1648156	141092	293511	360245	732941	886902	458365	115049	260038	442669	1056936	1182752	939444	505861	535964	467200	1169253	1177002	482702	193363	655662	460790	932619	982321	1201069	222419	254621	143573	1452357	1559855	2149155
INOSINE (M+Na)+				331052	281414	325379				666070	433502	841084				108909	667415	422497				415684	502034	389625				785143	671035	378724				172008	246484	232949				94906	347715	220495				477793	226163					659451	372216	497637				437691	517117	505591
CORTISONE (M+Na)+	23204	22849	15846				35276	21469	33093				38381	17155	23166				28351	13162	24052				35388	35572	34886				30765	31700	27776				40866	37266	35652				28074	35679	33075				42603	36929	31679				34877	36203	25275			
HIPPURIC ACID (M+H)+	701875	801904	933991				831020	752869	670477				1115554	257634	685070				924010	1382887	1427972				552512	384594	726000				1114235	434446	499892				537194	612575	799717				747160	1208606	1063221				705009	588594	1106280				963929	263777	364892			
CORTICOSTERONE (M+Na)+	13206		14369				24483		22659				12686	14136	14812				22545		5177				41362	44923	7579				9287	29547	24269				14890	14145	23981				61172	111743	132744				16707	15726	7107				9519	24766	8700			
LYSINE (M+H)+	36631	36105	34976	49293	67427	38276	44969	32152	41686	51088	62760	45774	44443	37838	37683	108512	117632	105603	42686	36494	39056	56096	58312	55578	33831	33586	32478	52209	60377	49551	35381	32418	33308	80130	57500	62659	36417	31863	31553	63820	85072	66881	36266	27837	26982	60253	63181	39924	39962	41237	41535	54375	45179	57208	42751	45361	43323	107567	130584	101759
SUBERIC ACID (M+Na)+				40104	23713	51550				9228	57355	25777				23507	32307	26344				40167	37557	27472				34794	33836	38956				29779	19410	18548				18778	38748	8459				14012	27660	24405				20684	28862	60998				35961	38191	18723
DECANOIC ACID (2M+Na)+	12014	7435	7562				78029	7033	7224					7507					20339	59380	89317					157818	79429				166401	125020	122671				180500	129903	116774				135544	90925	75450				163405	224897	56889				79134	32231	16565			
N-ACETYL-DL-SERINE (M+H)+[-H2O]				278366	485427	117394						229616					699576	651186				288516		673000				442869	221285	94290				312381	564890	211519				502304		446374				697366	327717					574329	583523	229221				367450		
ALPHA-TOCOPHEROL (M+H)+	46831	69650	79779				74660	35531	46932				26422	33536	64444				34154	67767	108624				19671	34895	41428				34432	72278	56597				74818	35617	25162				18942	72855	83682				111867	70993	87293				142470	131820	106222			
PYRIDOXAL (M+H)+[-H2O]	1739136	1696100	1833120				2651903	1680926	2204741				1881782	2123623	1942119				1565727	1441453	1328738				1652654	1660093	1580147				1346650	1676539	1457547				1695932	1329495	1599219				1935771	1643133	1644244				1958726	1946133	2036268				1686561	1753898	1600029			
AZELAIC ACID (M+H)+[-H2O]	3906	21809	29213				15521	8001	26911				18269	17542	36120				40224	17222	19119				18970	5073	3853				8967	25262	22552				26122	8776	17382				30777	7868	24114				17041	18876	18069				27164	29821	26345			
METHIONINE (M+H)+				2039442	1344047	1603899				812813	1257819					1284815	1143850	1194862				1436412	1314554	1390123				1270187		1382849				1518035	1530505	1132627				1817624	1475789	1643878				1678071	1458301	1336440				1507461	1349296	1286586				1922317	1669642	2383896
OLEOYL-GLYCEROL (M+Na)+	449243	573518	578584	58750	226091	306794	629903	572155	596743	242932	596060	210094	413898	550981	28441	470429	536184	329386	23326	376789	477095	138136	329819	302927	1135774	1326631	1795411	87403	49656	285201	448378	696219	671084	364858	153594	143386	934836	769573	727484	54911	72525	295819	533284	507060	490356	177117	210946	2455300	470249	424367	417772	114476	269462	39997	742968	738316	530044	97641	140824	687553
NAD (M+H)+				66691	104266	47780				51929	81966	19747				47630	10110	20220				30817	122267	51423				69692	85945	178828				102264	276939	110471				172822	129602	14579				62097	162311	103135				23545	65270	77546				100138	45108	44069
KYNURENIC ACID (M+H)+	105098	164051	114246				98708	104182	106291				73622	53695	46108				70772	56205	82714				40698						45859		54809					53865	55867				54127						123640	95576	97868				61391	76513	67916			
GLYCOCHOLIC ACID (M+H)+	139070	15306	164041				35831	9298	61920				32615	34172	52704				58876	30340	33550				61577		19297				26729	79318	107653				316240	145317	346962				31525	38585	32708				99164	141313	171227				13231	31700	17054			
3-METHOXYTYROSINE (M+H)+	57230	49087	50527				82101	58352	61711				86459	96362	89663				34357	52312	46453				24995	27698	28570				35063	44460	53669				44399	28779	36106				63376	58126	67007				83292	75876	76683				35490	35851	27372			
HEXANOYLCARNITINE (*) M+	18794	43518	33250	1425508	407983	296278	62075	80837	65089	117446	891701	218858	91268	51881	39559	631105	492563	1220998		63200	90321	1228165	3176988	1149055	117639	114403	145789	239479	1821250	2047786	63405	69714	78962	386092	4283291	557793	126245	72367	101369	1777213	453779	1587204	125844	151614	169344	714104	976032	300126	152284	136020	104860	458899	889772	2487773	95342	105575	112981	3000652	1148576	1216971
3-HYDROXYLAUROYLCARNITINE (*) (M+H)+				87707	48699	47615				14348	158891	40282				41405	39917	78082				59824	159600	78905				29713	42391	73330				38628	218971	69219				84153	94719	79032				64505	117543					112390	92836	98667				210095	112562	160161
INDOLE-3-ACETIC ACID (M+H)+	477850	434337	326814				415198	285360	520234				290401	363924	426322				410969	329943	404859				371254	559573	255476				333429	314949	343945				745402	577977	568709				513990	799500	888778				87270	72664	94261				471227	701884	512757			
ACETYLCARNITINE (M+H)+				21981272	11234780	11097120				4303210	20747816	9078241				7511560	9235093	12266614				12269959	18776648	12798206				14650994	14787084	23472532				9148208	15810039	6039130				13270493	11462921	11988996				12926222	23016976	6776443				14672631	18655580	19012090				20310400	11444805	17785292
HYPOXANTHINE (M+H)+				4482687	2301433	2617649				2207555	3037724	4052926				3269655	5684812	3239736				2423451	2885552	2984797				5213980	3920764	2698702				1607615	2087072	1198381				4019356	2959320	6882987				3734063	1678446	1176770				4474706	1892197	2937599				4787966	4980808	3537012
L-ARGININE (M+H)+	12437	12649	17877				13451	9896	9839				13989	23709	12450				13335	17115	12988				17709	17997	13995				22818	10001	18053				12759	13597	14296				23494	21008	8508				19573	19565	13415				15026	12993	15178			
16:0 LYSO PC (M+Na)+	1085732	1029649	1173943	153492	846546	94559	1077451	1017921	1307672	302101	143682	210754	1300451	1144009	1063054	149332	678130	628489	1062165	1001459	1119667	1962043	131256	121943	867036	877155	1095081	641281	163212	268106	970440	1185592	1310436	223078	172535	105853	1306577	1016251	1328711	191559	182677	229766	1149207	1246102	1215773	309928	330884	1271504	1310491	1170539	1277144	133986	145960	115560	1054055	1145094	996165	177962	117322	207261
PANTOTHENIC ACID (M+Na)+	108403	49823	55567				35991	30930	40048				45374	24643	33951				51574	36720	38710				56551	66687	67706				12799	40483	41174				51705	59981	59514				51094	68394	77065				35507	44595	35416				61362	80440	60355			
N-ACETYL-D-TRYPTOPHAN (M+H)+	11192	5943671	5878				11155	6322022	9991				6372394	2413							7824				10328	7611	5708489					5088	7122				13430	8065	7461				6770		9898				8153	5425	7227				6074550	13894	5044836			
PHENYLALANINE (M+H)+		1167452	69144	351811	276871	422529	93665	127737	91222	613655	272589	421904	109853	1213717	1295275	327653	177784	294606	74038	55688	70285	409567	340574	404097	56247	125314	79411	280235	327639	281177	1133739	1476796	1444744	307246	319501	332595	68757	1224469	122663	466498	288241	314659	113120	85583	98899	420922	400378	143084	124682	71893	1253952	312534	299483	444088	48821	113889	35702	488763	322753	100925
CARNITINE (M+H)+	27195	8121	76137	1319497	1941049	1341186	88487	126899	36614	8932871	1799763	9066256	83126		43759	1113811	2555729	1175291		40656	103178	1391649	1290844	1520227	40214	154417		1229014	1435179	1608001	147842	50324	139231	2222414	3212101	3367394	19525	193421	60412	3413833	1868064	1148402	95314	127845	8363	1753040	2309875	9323413			35627	1385756	1551913	1208431		68227	27142	1842993	1606966	1671814
L-HISTIDINE (M+H)+				42815	41466	37766				35475	32230					64118	21060	18645				30799	48732	54313				60281	26009	53229				11274	19888	21227				32967	19251					37739	36913	37957					51624	40276				18053	27782	29866
L-HISTIDINE (M+Na)+		4617		11446	9557	8539		7633	7939	6324	6599	6885	8112	8063	1210	10730	8943	5061			3853	8165	6351	6536	6912	7143		9922	5683	11330	6588		4617	4442	7166	5932	8387			6078	6861	5967	11519	5907	5174	8189	8537	7356	7309			8876	4411	8881	5003	6064	5976	8462	3855	8611
N-ACETYL-D-TRYPTOPHAN (M+Na)+		2264926					1601	2198683	1243				2441289														2041661																2431						1088	2029					2274634	1160	1814696			
3-METHYLHISTAMINE (M+H)+										5866	4146	51939					20438	24810				17071	31812	14294				9685	9852					9964	18999	11689				2817		7328				2784	4206	3987				10794	13793	14522				11144	16141	11784
OLEAMIDE (M+Na)+				83904								161737																							243629					133644						284208													136710	
CREATINE (M+H)+				38090824	40769644	36455928				25907672	38507736	27705178				34768752	43553600	39974044				37506656	39668272	36801228				31240752	33674024	37578024				46081452	47095736	43187936				48179928	40500288	37123176				37757980	42765884	39387988				34664800	38363496	34134776				38943184	41556792	
HISTAMINE (M+Na)+					1301	3184				3980	4632	16038				3314	4570					5654	6226	7156				3293						4601	6980						1764	3918					2739					10837	7649	2684				5855	5173	9494
3-DEHYDROXYCARNITINE (M+H)+				955685	1086582	1084889				831704	858149	774272				752182	725844	742982				708519	648949	658831				672529	531653	567173				899779	738814	694990				970857	723425	698149				564189	565554	623064				848574	753185	660793				1031264	1159279	1089687
N-ACETYL-DL-SERINE (M+H)+																																												15546					5403	7920	4514				4472					
HISTAMINE (M+H)+				126614	89532	149464				123690	280862	480687				141103	218203	336205				217192	319117	267728				132846	200345	118530				271492	289012	185174				177313	154927	165655				103120	107365	76535				306142	295642	216327				252622	279607	351136
N-ALPHA-ACETYL-L-LYSINE (M+H)+				9448	12568	9521				13743	7771	12010				10289	9817	9945					9138	11554				6707		12535				9293	5742					6208	9018	11006				9680		7312				9773	9291	8196				8648	15620	5776
18:0 LYSO-PE (M+Na)+				33391	51186	60672					142187	55655				64171	92794	67467				65319	118402	105326				76339	39287	111531				120574	131605	95255				43059	66018	88546				65135	158896					37320	88288	40407				41727	40158	125702
NORADRENALINE (M+H)+[-H2O]					8753	1711				3428	2944	4122				4303	4358	7185						3370				3734	2847	7722				10261	8314	5074				8330	6888	2773						6466				3654	6298	3393					7203	
TRIMETHYLAMINE (M+H)+				31300	26652	24955				18121	26360	24448				23113	25615	22523				17816	21683	25178				20938	25534	30529				24515	28392	12237				23978	26776	19799				7605	27848	18058				16427	29500	25994				30489	17860	7136
GUANOSINE (M+H)+											11376						17729	21589				4548	5976	2475				26724	3512	9558					11110					6491	1825	19177										15381		2764				17238	28960	19869
BETA-ALANYL-N(PAI)-METHYL-L-HISTIDINE (M+H)+				8020	13440	15684				11281	7012	13228				14559	13772	13854				11390	9487	9003				13061		10134				6495	11822	6076				12695	7884	14137				3651	6291	9249				12128	11567	10215				11446	10891	7540
5'-METHYLTHIOADENOSINE (M+H)+	59427	57993		80112	62331	41584	95611	57366	76964	37943	69639	39330	67694	60687	60209	57058	100227	42640	66105	70434	103118	54615	63654	57176	58264	56748	66131	60366	70672	93713	52285		72177	60142	83339	65928	114976	88390		101357	111591	72016		60579	66574	87956	106486	48074	66040	65810	66499	62393	48238	44773	70672	95970	63627	70048	104943	69264
OPHTHALMIC ACID (M+H)+				240170	176640	102414				55673	65002	74457				69725	105130	65273				65630	65725	48369				81305	45736	89113				152798	115592	52032				447259	170581	161185				77189	142689	92438				60461	103105	87560				170337	123725	153568
GLUTATHIONE OXIDIZED (M+H2)+2				2324992	1671510	1431406				2165289	2496755	2120988				2650672	3279535	1986130				2321161	4533306	1724005				2158629	3301922	5629915				1366000	4076901	1654799				5240854	4264373	1032404				1782957	4887066	2613722				1994976	2006321	2237727				3882427	2213409	2707795
5-AMINOPENTANOIC ACID (M+H)+				1894476	1632224	1642419				832439	1444051	1413641				1330433	973737	1249442				1561104	1388148	1758626				1338088	1254932	1273870				1417644	1384262	1237690				1695925	1454403	1679822				1331351	1107825	1429576				1524768	1486755	1668634				2076800	2216466	1163861
18:0 LYSO-PE (M+H)+				215520	123477	174566				129413	377692	140778				200698	246926	183926				202504	303690	236764				245611	185463	449361				342990	407881	273160				258203	265062	238489				213321	455515	899446				176179	259515	257088				226473	155698	436363
CARNOSINE (M+H)+				151650	388026	389210				248777	130147	266344				135628	292559	163921				264139	202473	222431				353844	419647	217260				135526	158789	54386				300965	182350	451590				145872	113187	280027				288102	296566	126031				290305	208367	151943
CITRULLINE (M+Na)+				2619	7447	5307				2561						13228	4150	4860					1931	2613						2732				3377	4699	6556				6355	2589	7273					1448						4390					3347	2961	
GUANINE (M+H)+				6066		67270				2737	6147	42098				2740	35316	3489						21901				50574	5625	4598				51241	72175	37428				76971	64337	64984				22307	18042	37075				8727	7979	7997					70118	105136
PHOSPHOCREATINE (M+H)+					205000	20925				262194	8417	17535				143627						71785	99242	96045				149533	290509	452079				154145	409505	44686				828416	286459	96584				321527	326462	102466				100821	210799	226010				370918	289694	56782
EICOSADIENOYLCARNITINE (*) (M+H)+				28439						16391	70942	38006				25085	40546	51212						2821				35869	18604	91656				100883		75965					61754	63427				90016								24928				81972		115871
CAFFEINE (M+H)+	1690985	1180563	1655280				2594989	727610	88302					61260	149064					164861	29151				2119211	2399174	2758415				165358	113473	165443				79921	149639	41457				2592518	1362047	2731918						42270				240418	353676				
N6,N6,N6-TRIMETHYL-L-LYSINE (M+H)+	8445	8042	12066				8675	5289	8487				4406	7506	7177				8844	9625	11032				11784	9903	7677				6397	7918	6768				7610	7780	9612				14696	13669	10788				8610	10753	10919				5644	11695	7284			
5ALPHA-ANDROSTANE-3ALPHA,17BETA-DIOL (M+Na)+				15239	19155	17314				18049	16212	18845				19881	21085	17296				14273	14322	21592				16470	16791	15876				18771	17110	15492				17976	17283	18176				18380						20661	17570	17822				19227	18652	16690
3',5'-CYCLIC AMP (M+H)+				8653	14097	9587				7586	18913	7108				10488	20216	18149				18806	19088	14207				9519	9689	11460				29633	28380	21539				37595	24659	9567				32290	45547	27155				9496	28870	7344				20357	20346	27243
XANTHINE				36034.46429	37320.24031	26718.25817				19223.67836	29011.50962	40540.95556				37089.39456	22616.66959	36329.0697				62956.18333	43825.23939	56678.40566				25352.69697	22648.50709	15286.16167				8030.406433	8028.047917	6804.078231				16645.125	14967.82051	32924.50278				10530.13454	9379.306513	25977.64516				27084.77333	20591.51282	26359.72034				18863.41753	31845.63934	70565.01765
HEXOPYRANOSE				374163.4048	598355.6124	552352.0523				162410.962	346018.4712	279469.5593				363812.0204	458837.9883	404586.3182				463794.4167	571046.0455	366497.1321				520095.3758	653019.8298	211706.7183				297252.6433	97160.28333	253294.9116				543451.2865	606841.3513	556962.5639				358453	408917.3276	623573.7796				433186.0367	536136.0929	376019.8249				543748.7612	622779.5519	9586.831373
DL-ASPARTIC ACID				12804.1131	162189.9419	166906.5294				172544.1287	100623.9231	241481.5815				75904.23129	11606.62573	14498.39697				33601.08333	67439.5303	19506.25786				348467.903	244026.6525	74576.99833				19867.15789	24123.775	112015.4524				15474.96701	12599.74872	3810.816667				8878.598394	10823.43103	19049.06989				122408.6533	30859.77244	22060.73729				21750.00172	13510.54918	5542.341176
OLEIC ACID				1627517.413	836971.5194	1253226.366				1143297.351	1939034.522	1924001.693				1545401.167	1075357.909	2083078.406				834833.68	810423.8818	628609.3931				1043744.424	1468584.33	356550.7				510791.8713	451970.3167	253048.7823				712598.3681	333816.8282	983026.9944				380687.6948	269410.3257	367230.5323				999586.5367	342796.5641	442244.1836				1322434.328	2905382.607	2786794.9
STEARIC ACID				2323263.804	2728434.279	3189204.853				3603828.933	3018109.176	3279834.589				2890559.694	1871034.529	1964153.573				2367534.197	1804689.291	3022993.748				2369778.639	3011100.699	762418.8383				1603781.12	1016911.454	1702422.748				996029.8003	1434877.441	1315485.003				821250.1285	1145888.155	2578414.64				2187536.83	2258377.516	1591018.856				1032126.89	3513217.699	2792686.837
L-GLUTAMINE				11128534.19	16581262.48	14418505.16				7848071.599	19268099.26	14548005.72				10807291.85	20387562.7	14913784.46				22850201.31	20497620.46	12115842.3				12994004.33	14783560.04	5754045.957				15343024.54	4670726.204	11018460.6				10205829.79	11763404.29	9267364.247				8314053.906	12261528.25	22760325.64				16885319.59	17289016.25	13584570.44				6587756.163	12216105.67	6287764.124
ADENOSINE	17696	19876	15612				24825	16957	24504				19506	31325	23229				16674	18509	14521				15937	15499	17485				18949	18220	13214				21679	15298	22992				19883	17235	20355				19660	18524	18381				11504	19203	16008			
DL-GLUTAMIC ACID				2090129.923	3674842.264	2702263.105				2787591.506	3565089.766	4583499.981				2227252.779	6646916.713	4197517.07				5004542.243	5081315.703	3319579.186				3450508.839	4553101.216	1558298.263				3398160.877	1158417.552	2096464.262				2448721.04	2851325.813	2500163.05				1841348.954	2622687.333	4689618.704				3061176.187	4114326.288	2439632.842				1662828.873	2428945.426	1574471.031
